IRIS,LIBCOM,LIBIRIS,GRD_QUART,population
751010101,Paris 1er Arrondissement,Saint-Germain l'Auxerrois 1,7510101,807.313387563944
751010201,Paris 1er Arrondissement,Les Halles 1,7510102,1675.02797417233
751010202,Paris 1er Arrondissement,Les Halles 2,7510102,1442.76675336217
751010203,Paris 1er Arrondissement,Les Halles 3,7510102,2048.71342362
751010204,Paris 1er Arrondissement,Les Halles 4,7510102,1974.95946338737
751010301,Paris 1er Arrondissement,Palais Royal 1,7510103,2425.01199699113
751010401,Paris 1er Arrondissement,Place Vendôme 1,7510104,946.223343686402
751020601,Paris 2e Arrondissement,Vivienne 1,7510206,1719.86313144575
751020701,Paris 2e Arrondissement,Mail 1,7510207,1537.92013733396
751020702,Paris 2e Arrondissement,Mail 2,7510207,1650.99393302933
751020703,Paris 2e Arrondissement,Mail 3,7510207,1920.83641441425
751020801,Paris 2e Arrondissement,Bonne Nouvelle 1,7510208,1965.58872485418
751020802,Paris 2e Arrondissement,Bonne Nouvelle 2,7510208,1635.40541856124
751020803,Paris 2e Arrondissement,Bonne Nouvelle 3,7510208,1508.76932783014
751020804,Paris 2e Arrondissement,Bonne Nouvelle 4,7510208,1607.75299046374
751020805,Paris 2e Arrondissement,Bonne Nouvelle 5,7510208,1775.00083607788
751030901,Paris 3e Arrondissement,Arts et Métiers 1,7510309,1580.25594432374
751030902,Paris 3e Arrondissement,Arts et Métiers 2,7510309,1490.23547617026
751030903,Paris 3e Arrondissement,Arts et Métiers 3,7510309,1581.91300338812
751030904,Paris 3e Arrondissement,Arts et Métiers 4,7510309,1408.549344673
751030905,Paris 3e Arrondissement,Arts et Métiers 5,7510309,1488.98268485144
751031001,Paris 3e Arrondissement,Enfants Rouges 1,7510310,2010.51273510389
751031002,Paris 3e Arrondissement,Enfants Rouges 2,7510310,1984.71172375564
751031003,Paris 3e Arrondissement,Enfants Rouges 3,7510310,1927.10917820131
751031004,Paris 3e Arrondissement,Enfants Rouges 4,7510310,1698.5647631793
751031101,Paris 3e Arrondissement,Les Archives 1,7510311,1862.80753233546
751031102,Paris 3e Arrondissement,Les Archives 2,7510311,1461.97390084459
751031103,Paris 3e Arrondissement,Les Archives 3,7510311,1367.35599985095
751031104,Paris 3e Arrondissement,Les Archives 4,7510311,2270.6995301563
751031201,Paris 3e Arrondissement,Sainte-Avoye 1,7510312,1572.14217067369
751031202,Paris 3e Arrondissement,Sainte-Avoye 2,7510312,1625.17388095865
751031203,Paris 3e Arrondissement,Sainte-Avoye 3,7510312,1547.35671600913
751031204,Paris 3e Arrondissement,Sainte-Avoye 4,7510312,1841.36294070079
751041301,Paris 4e Arrondissement,Saint-Merri 1,7510413,1617.98872108552
751041302,Paris 4e Arrondissement,Saint-Merri 2,7510413,2072.3483667144
751041303,Paris 4e Arrondissement,Saint-Merri 3,7510413,1620.04521816676
751041401,Paris 4e Arrondissement,Saint-Gervais 1,7510414,2944.08141876955
751041402,Paris 4e Arrondissement,Saint-Gervais 2,7510414,1951.37637175381
751041403,Paris 4e Arrondissement,Saint-Gervais 3,7510414,2224.20441857384
751041404,Paris 4e Arrondissement,Saint-Gervais 4,7510414,1512.52865291669
751041501,Paris 4e Arrondissement,Arsenal 1,7510415,3099.33266544183
751041502,Paris 4e Arrondissement,Arsenal 2,7510415,1352.16077374868
751041503,Paris 4e Arrondissement,Arsenal 3,7510415,1728.66042635704
751041504,Paris 4e Arrondissement,Arsenal 4,7510415,1711.39328740106
751041601,Paris 4e Arrondissement,Notre-Dame 1,7510416,2112.02083204853
751041602,Paris 4e Arrondissement,Notre-Dame 2,7510416,500.649299165665
751051701,Paris 5e Arrondissement,Saint-Victor 1,7510517,1898.12450629428
751051702,Paris 5e Arrondissement,Saint-Victor 2,7510517,1533.66990431506
751051703,Paris 5e Arrondissement,Saint-Victor 3,7510517,2143.21312827772
751051704,Paris 5e Arrondissement,Saint-Victor 4,7510517,2611.51558205729
751051705,Paris 5e Arrondissement,Saint-Victor 5,7510517,1788.98386976001
751051801,Paris 5e Arrondissement,Jardin des Plantes 1,7510518,1354.24634783743
751051802,Paris 5e Arrondissement,Jardin des Plantes 2,7510518,2316.48476144752
751051803,Paris 5e Arrondissement,Jardin des Plantes 3,7510518,1915.31572524872
751051804,Paris 5e Arrondissement,Jardin des Plantes 4,7510518,2055.46655963131
751051805,Paris 5e Arrondissement,Jardin des Plantes 5,7510518,3032.4470832281
751051806,Paris 5e Arrondissement,Jardin des Plantes 6,7510518,1844.98248225935
751051807,Paris 5e Arrondissement,Jardin des Plantes 7,7510518,1997.39911667642
751051808,Paris 5e Arrondissement,Jardin des Plantes 8,7510518,1509.24080461887
751051901,Paris 5e Arrondissement,Val de Grâce 1,7510519,2559.80719803424
751051902,Paris 5e Arrondissement,Val de Grâce 2,7510519,1634.15598795553
751051903,Paris 5e Arrondissement,Val de Grâce 3,7510519,2094.20242223975
751051904,Paris 5e Arrondissement,Val de Grâce 4,7510519,1739.15282317489
751051905,Paris 5e Arrondissement,Val de Grâce 5,7510519,2165.16647358313
751051906,Paris 5e Arrondissement,Val de Grâce 6,7510519,1886.08567137938
751051907,Paris 5e Arrondissement,Val de Grâce 7,7510519,1941.31927219689
751051908,Paris 5e Arrondissement,Val de Grâce 8,7510519,2586.28003417811
751052001,Paris 5e Arrondissement,Sorbonne 1,7510520,2405.55065376811
751052002,Paris 5e Arrondissement,Sorbonne 2,7510520,1421.47868631665
751052003,Paris 5e Arrondissement,Sorbonne 3,7510520,1497.5183489993
751052004,Paris 5e Arrondissement,Sorbonne 4,7510520,2784.07251231461
751062101,Paris 6e Arrondissement,Monnaie 1,7510621,1413.21123297066
751062102,Paris 6e Arrondissement,Monnaie 2,7510621,1671.2305847518
751062103,Paris 6e Arrondissement,Monnaie 3,7510621,1451.16487797834
751062201,Paris 6e Arrondissement,Odéon 1,7510622,1566.07078313892
751062202,Paris 6e Arrondissement,Odéon 2,7510622,1273.98833407146
751062203,Paris 6e Arrondissement,Odéon 3,7510622,1839.66238301305
751062204,Paris 6e Arrondissement,Odéon 4,7510622,2183.76870354358
751062301,Paris 6e Arrondissement,Notre-Dame des Champs 1,7510623,1219.01285241317
751062302,Paris 6e Arrondissement,Notre-Dame des Champs 2,7510623,1659.04455718517
751062303,Paris 6e Arrondissement,Notre-Dame des Champs 3,7510623,1727.32328486369
751062304,Paris 6e Arrondissement,Notre-Dame des Champs 4,7510623,1296.92644576127
751062305,Paris 6e Arrondissement,Notre-Dame des Champs 5,7510623,2592.70408957924
751062306,Paris 6e Arrondissement,Notre-Dame des Champs 6,7510623,2097.72500617779
751062307,Paris 6e Arrondissement,Notre-Dame des Champs 7,7510623,1551.2725982395
751062308,Paris 6e Arrondissement,Notre-Dame des Champs 8,7510623,2503.21610556622
751062309,Paris 6e Arrondissement,Notre-Dame des Champs 9,7510623,1918.50579255784
751062310,Paris 6e Arrondissement,Notre-Dame des Champs 10,7510623,1869.32457918622
751062311,Paris 6e Arrondissement,Notre-Dame des Champs 11,7510623,1592.65333271753
751062401,Paris 6e Arrondissement,Saint-Germain des Prés 1,7510624,1418.05315772941
751062402,Paris 6e Arrondissement,Saint-Germain des Prés 2,7510624,2332.63556449716
751072501,Paris 7e Arrondissement,Saint-Thomas d'Aquin 1,7510725,1545.0058682002
751072502,Paris 7e Arrondissement,Saint-Thomas d'Aquin 2,7510725,1133.07617246547
751072503,Paris 7e Arrondissement,Saint-Thomas d'Aquin 3,7510725,1507.41047774476
751072504,Paris 7e Arrondissement,Saint-Thomas d'Aquin 4,7510725,1226.76420218994
751072505,Paris 7e Arrondissement,Saint-Thomas d'Aquin 5,7510725,1246.5862849365
751072506,Paris 7e Arrondissement,Saint-Thomas d'Aquin 6,7510725,1965.24748381473
751072601,Paris 7e Arrondissement,Invalides 1,7510726,1566.70817933293
751072602,Paris 7e Arrondissement,Invalides 2,7510726,979.648716927376
751072603,Paris 7e Arrondissement,Invalides 3,7510726,620.136015662465
751072604,Paris 7e Arrondissement,Invalides 4,7510726,1074.73528712269
751072701,Paris 7e Arrondissement,École Militaire 1,7510727,2291.04788739328
751072702,Paris 7e Arrondissement,École Militaire 2,7510727,1510.36887737874
751072703,Paris 7e Arrondissement,École Militaire 3,7510727,1472.05374477641
751072704,Paris 7e Arrondissement,École Militaire 4,7510727,1318.36971683044
751072705,Paris 7e Arrondissement,École Militaire 5,7510727,1542.70553734641
751072706,Paris 7e Arrondissement,École Militaire 6,7510727,1435.37942840705
751072801,Paris 7e Arrondissement,Gros Caillou 1,7510728,1705.88588939881
751072802,Paris 7e Arrondissement,Gros Caillou 2,7510728,1415.3955628454
751072803,Paris 7e Arrondissement,Gros Caillou 3,7510728,1260.9804525675
751072804,Paris 7e Arrondissement,Gros Caillou 4,7510728,2433.40126186598
751072805,Paris 7e Arrondissement,Gros Caillou 5,7510728,2313.25125366253
751072806,Paris 7e Arrondissement,Gros Caillou 6,7510728,1360.18562203615
751072807,Paris 7e Arrondissement,Gros Caillou 7,7510728,1550.64759135467
751072808,Paris 7e Arrondissement,Gros Caillou 8,7510728,1193.11323760321
751072809,Paris 7e Arrondissement,Gros Caillou 9,7510728,1416.36274001499
751072810,Paris 7e Arrondissement,Gros Caillou 10,7510728,2302.15074086177
751072811,Paris 7e Arrondissement,Gros Caillou 11,7510728,1411.09907883401
751082901,Paris 8e Arrondissement,Champs Élysées 1,7510829,609.744454080836
751083001,Paris 8e Arrondissement,Faubourg du Roule 1,7510830,1879.69864575877
751083002,Paris 8e Arrondissement,Faubourg du Roule 2,7510830,2716.39460453651
751083201,Paris 8e Arrondissement,Europe 1,7510832,1751.26185456021
751083202,Paris 8e Arrondissement,Europe 2,7510832,1624.22861657067
751083203,Paris 8e Arrondissement,Europe 3,7510832,1339.98094826779
751083204,Paris 8e Arrondissement,Europe 4,7510832,2209.88144994576
751083205,Paris 8e Arrondissement,Europe 5,7510832,2896.75565872385
751083206,Paris 8e Arrondissement,Europe 6,7510832,2480.69750187838
751083207,Paris 8e Arrondissement,Europe 7,7510832,1814.15022706802
751093301,Paris 9e Arrondissement,Saint-Georges 1,7510933,1339.97815816057
751093302,Paris 9e Arrondissement,Saint-Georges 2,7510933,1687.79209687809
751093303,Paris 9e Arrondissement,Saint-Georges 3,7510933,1739.23969539127
751093304,Paris 9e Arrondissement,Saint-Georges 4,7510933,2064.16815646057
751093305,Paris 9e Arrondissement,Saint-Georges 5,7510933,1797.55439757091
751093306,Paris 9e Arrondissement,Saint-Georges 6,7510933,2081.91740806794
751093307,Paris 9e Arrondissement,Saint-Georges 7,7510933,2817.42062690469
751093308,Paris 9e Arrondissement,Saint-Georges 8,7510933,1636.34937754888
751093309,Paris 9e Arrondissement,Saint-Georges 9,7510933,1872.11896632177
751093310,Paris 9e Arrondissement,Saint-Georges 10,7510933,1424.8303353715
751093501,Paris 9e Arrondissement,Faubourg Montmartre 1,7510935,2718.72284375321
751093502,Paris 9e Arrondissement,Faubourg Montmartre 2,7510935,1886.7888257868
751093503,Paris 9e Arrondissement,Faubourg Montmartre 3,7510935,3503.33081971187
751093601,Paris 9e Arrondissement,Rochechouart 1,7510936,2104.11445099788
751093602,Paris 9e Arrondissement,Rochechouart 2,7510936,2557.28008065253
751093603,Paris 9e Arrondissement,Rochechouart 3,7510936,1449.46356758518
751093604,Paris 9e Arrondissement,Rochechouart 4,7510936,1604.73355626589
751093605,Paris 9e Arrondissement,Rochechouart 5,7510936,1982.86917052943
751093606,Paris 9e Arrondissement,Rochechouart 6,7510936,1850.04915461175
751093607,Paris 9e Arrondissement,Rochechouart 7,7510936,1968.63980341863
751093608,Paris 9e Arrondissement,Rochechouart 8,7510936,2422.57197363131
751093609,Paris 9e Arrondissement,Rochechouart 9,7510936,1884.72190564591
751093610,Paris 9e Arrondissement,Rochechouart 10,7510936,2203.26300736057
751103701,Paris 10e Arrondissement,Saint-Vincent de Paul 1,7511037,1759.10267364358
751103702,Paris 10e Arrondissement,Saint-Vincent de Paul 2,7511037,1569.11092268201
751103703,Paris 10e Arrondissement,Saint-Vincent de Paul 3,7511037,1944.80923364976
751103704,Paris 10e Arrondissement,Saint-Vincent de Paul 4,7511037,2486.58500261736
751103705,Paris 10e Arrondissement,Saint-Vincent de Paul 5,7511037,2187.85491540442
751103706,Paris 10e Arrondissement,Saint-Vincent de Paul 6,7511037,2264.34499034109
751103707,Paris 10e Arrondissement,Saint-Vincent de Paul 7,7511037,2328.31696775326
751103708,Paris 10e Arrondissement,Saint-Vincent de Paul 8,7511037,1584.24825684108
751103709,Paris 10e Arrondissement,Saint-Vincent de Paul 9,7511037,1838.68682071402
751103801,Paris 10e Arrondissement,Porte Saint-Denis 1,7511038,1480.1114458341
751103802,Paris 10e Arrondissement,Porte Saint-Denis 2,7511038,1155.93472041873
751103803,Paris 10e Arrondissement,Porte Saint-Denis 3,7511038,2555.75277483017
751103804,Paris 10e Arrondissement,Porte Saint-Denis 4,7511038,2528.33823576307
751103805,Paris 10e Arrondissement,Porte Saint-Denis 5,7511038,2193.87307524042
751103806,Paris 10e Arrondissement,Porte Saint-Denis 6,7511038,3303.33260642822
751103901,Paris 10e Arrondissement,Porte Saint-Martin 1,7511039,1776.2418292206
751103902,Paris 10e Arrondissement,Porte Saint-Martin 2,7511039,1949.49604901317
751103903,Paris 10e Arrondissement,Porte Saint-Martin 3,7511039,1514.57495566455
751103904,Paris 10e Arrondissement,Porte Saint-Martin 4,7511039,1946.51609171151
751103905,Paris 10e Arrondissement,Porte Saint-Martin 5,7511039,1626.6156937948
751103906,Paris 10e Arrondissement,Porte Saint-Martin 6,7511039,2118.12816025641
751103907,Paris 10e Arrondissement,Porte Saint-Martin 7,7511039,1634.14368385303
751103908,Paris 10e Arrondissement,Porte Saint-Martin 8,7511039,2355.00652852685
751103909,Paris 10e Arrondissement,Porte Saint-Martin 9,7511039,1724.90924450797
751103910,Paris 10e Arrondissement,Porte Saint-Martin 10,7511039,1983.55435853466
751104001,Paris 10e Arrondissement,Hôpital Saint-Louis 1,7511040,1979.4391649641
751104002,Paris 10e Arrondissement,Hôpital Saint-Louis 2,7511040,2725.00795094279
751104003,Paris 10e Arrondissement,Hôpital Saint-Louis 3,7511040,2079.55575251768
751104004,Paris 10e Arrondissement,Hôpital Saint-Louis 4,7511040,987.320991410831
751104005,Paris 10e Arrondissement,Hôpital Saint-Louis 5,7511040,1167.67939243135
751104006,Paris 10e Arrondissement,Hôpital Saint-Louis 6,7511040,1996.28204658928
751104007,Paris 10e Arrondissement,Hôpital Saint-Louis 7,7511040,3051.44212682496
751104008,Paris 10e Arrondissement,Hôpital Saint-Louis 8,7511040,2890.03429011991
751104009,Paris 10e Arrondissement,Hôpital Saint-Louis 9,7511040,1849.79154490087
751104010,Paris 10e Arrondissement,Hôpital Saint-Louis 10,7511040,1816.36194019042
751104011,Paris 10e Arrondissement,Hôpital Saint-Louis 11,7511040,2193.16481639405
751114101,Paris 11e Arrondissement,Folie Méricourt 1,7511141,2592.89814959445
751114102,Paris 11e Arrondissement,Folie Méricourt 2,7511141,1965.78075254812
751114103,Paris 11e Arrondissement,Folie Méricourt 3,7511141,1592.47435641262
751114104,Paris 11e Arrondissement,Folie Méricourt 4,7511141,1331.10833785687
751114105,Paris 11e Arrondissement,Folie Méricourt 5,7511141,1648.49978829577
751114106,Paris 11e Arrondissement,Folie Méricourt 6,7511141,2302.18272296495
751114107,Paris 11e Arrondissement,Folie Méricourt 7,7511141,2252.22838060987
751114108,Paris 11e Arrondissement,Folie Méricourt 8,7511141,2022.66360948952
751114109,Paris 11e Arrondissement,Folie Méricourt 9,7511141,2279.55620285168
751114110,Paris 11e Arrondissement,Folie Méricourt 10,7511141,1216.68928761976
751114111,Paris 11e Arrondissement,Folie Méricourt 11,7511141,1280.51036153949
751114112,Paris 11e Arrondissement,Folie Méricourt 12,7511141,1322.71612087554
751114113,Paris 11e Arrondissement,Folie Méricourt 13,7511141,1010.91162334165
751114114,Paris 11e Arrondissement,Folie Méricourt 14,7511141,1207.4519009294
751114115,Paris 11e Arrondissement,Folie Méricourt 15,7511141,1830.72898354014
751114201,Paris 11e Arrondissement,Saint-Ambroise 1,7511142,1603.81647986227
751114202,Paris 11e Arrondissement,Saint-Ambroise 2,7511142,1792.37163354034
751114203,Paris 11e Arrondissement,Saint-Ambroise 3,7511142,2311.39919558901
751114204,Paris 11e Arrondissement,Saint-Ambroise 4,7511142,2149.01320548226
751114205,Paris 11e Arrondissement,Saint-Ambroise 5,7511142,1650.51672622704
751114206,Paris 11e Arrondissement,Saint-Ambroise 6,7511142,2652.57592240293
751114207,Paris 11e Arrondissement,Saint-Ambroise 7,7511142,1828.21108627153
751114208,Paris 11e Arrondissement,Saint-Ambroise 8,7511142,1923.98623532737
751114209,Paris 11e Arrondissement,Saint-Ambroise 9,7511142,2167.12129028015
751114210,Paris 11e Arrondissement,Saint-Ambroise 10,7511142,2608.21420586965
751114211,Paris 11e Arrondissement,Saint-Ambroise 11,7511142,1790.28029611546
751114212,Paris 11e Arrondissement,Saint-Ambroise 12,7511142,1641.84813113316
751114213,Paris 11e Arrondissement,Saint-Ambroise 13,7511142,1577.19626319316
751114214,Paris 11e Arrondissement,Saint-Ambroise 14,7511142,1316.74484331148
751114301,Paris 11e Arrondissement,Roquette 1,7511143,1757.09175281214
751114302,Paris 11e Arrondissement,Roquette 2,7511143,3195.63379051783
751114303,Paris 11e Arrondissement,Roquette 3,7511143,1387.22926891766
751114304,Paris 11e Arrondissement,Roquette 4,7511143,1712.23305361967
751114305,Paris 11e Arrondissement,Roquette 5,7511143,3068.38459585526
751114306,Paris 11e Arrondissement,Roquette 6,7511143,2761.95704291268
751114307,Paris 11e Arrondissement,Roquette 7,7511143,2205.24886334524
751114308,Paris 11e Arrondissement,Roquette 8,7511143,1615.02010743644
751114309,Paris 11e Arrondissement,Roquette 9,7511143,1414.31581324183
751114310,Paris 11e Arrondissement,Roquette 10,7511143,1618.06629595098
751114311,Paris 11e Arrondissement,Roquette 11,7511143,1629.10824866956
751114312,Paris 11e Arrondissement,Roquette 12,7511143,1528.35290312254
751114313,Paris 11e Arrondissement,Roquette 13,7511143,1819.77933587714
751114314,Paris 11e Arrondissement,Roquette 14,7511143,1733.53221642968
751114315,Paris 11e Arrondissement,Roquette 15,7511143,1560.71720294656
751114316,Paris 11e Arrondissement,Roquette 16,7511143,1604.58567188899
751114317,Paris 11e Arrondissement,Roquette 17,7511143,2056.17653321052
751114318,Paris 11e Arrondissement,Roquette 18,7511143,1945.54523720353
751114319,Paris 11e Arrondissement,Roquette 19,7511143,1676.80324408401
751114320,Paris 11e Arrondissement,Roquette 20,7511143,2439.48878083034
751114321,Paris 11e Arrondissement,Roquette 21,7511143,1598.72837417107
751114401,Paris 11e Arrondissement,Sainte-Marguerite 1,7511144,1789.12662723061
751114402,Paris 11e Arrondissement,Sainte-Marguerite 2,7511144,2069.06891132261
751114403,Paris 11e Arrondissement,Sainte-Marguerite 3,7511144,2018.72379587913
751114404,Paris 11e Arrondissement,Sainte-Marguerite 4,7511144,2045.37746921527
751114405,Paris 11e Arrondissement,Sainte-Marguerite 5,7511144,1624.22680471002
751114406,Paris 11e Arrondissement,Sainte-Marguerite 6,7511144,2439.16380868045
751114407,Paris 11e Arrondissement,Sainte-Marguerite 7,7511144,1819.66280844269
751114408,Paris 11e Arrondissement,Sainte-Marguerite 8,7511144,2874.52436393377
751114409,Paris 11e Arrondissement,Sainte-Marguerite 9,7511144,2894.53153319125
751114410,Paris 11e Arrondissement,Sainte-Marguerite 10,7511144,3811.20997440869
751114411,Paris 11e Arrondissement,Sainte-Marguerite 11,7511144,4206.90976299948
751114412,Paris 11e Arrondissement,Sainte-Marguerite 12,7511144,2699.74616019953
751114413,Paris 11e Arrondissement,Sainte-Marguerite 13,7511144,2343.43588781151
751124501,Paris 12e Arrondissement,Bel-Air 1,7511245,2789.19063552636
751124502,Paris 12e Arrondissement,Bel-Air 2,7511245,3438.88736958784
751124503,Paris 12e Arrondissement,Bel-Air 3,7511245,2266.91034015064
751124504,Paris 12e Arrondissement,Bel-Air 4,7511245,2286.07970278206
751124505,Paris 12e Arrondissement,Bel-Air 5,7511245,2509.76134425718
751124506,Paris 12e Arrondissement,Bel-Air 6,7511245,2022.03647761125
751124507,Paris 12e Arrondissement,Bel-Air 7,7511245,1870.29345058299
751124508,Paris 12e Arrondissement,Bel-Air 8,7511245,1924.68675869838
751124509,Paris 12e Arrondissement,Bel-Air 9,7511245,1763.09965309167
751124510,Paris 12e Arrondissement,Bel-Air 10,7511245,1956.39923737879
751124511,Paris 12e Arrondissement,Bel-Air 11,7511245,1955.77144724871
751124512,Paris 12e Arrondissement,Bel-Air 12,7511245,3465.88139702047
751124513,Paris 12e Arrondissement,Bel-Air 13,7511245,2114.11123066307
751124514,Paris 12e Arrondissement,Bel-Air 14,7511245,1743.51784105495
751124601,Paris 12e Arrondissement,Picpus 1,7511246,2996.17763078585
751124602,Paris 12e Arrondissement,Picpus 2,7511246,2344.26945294755
751124603,Paris 12e Arrondissement,Picpus 3,7511246,1549.31992429032
751124604,Paris 12e Arrondissement,Picpus 4,7511246,2137.70082835996
751124605,Paris 12e Arrondissement,Picpus 5,7511246,2175.58709403997
751124606,Paris 12e Arrondissement,Picpus 6,7511246,2390.41155022217
751124608,Paris 12e Arrondissement,Picpus 8,7511246,1865.62532032183
751124609,Paris 12e Arrondissement,Picpus 9,7511246,2168.75780576394
751124610,Paris 12e Arrondissement,Picpus 10,7511246,2009.14866853842
751124611,Paris 12e Arrondissement,Picpus 11,7511246,1784.33546489825
751124612,Paris 12e Arrondissement,Picpus 12,7511246,2318.02602723863
751124613,Paris 12e Arrondissement,Picpus 13,7511246,3839.34927313104
751124614,Paris 12e Arrondissement,Picpus 14,7511246,3513.99365044028
751124615,Paris 12e Arrondissement,Picpus 15,7511246,3002.16392261106
751124616,Paris 12e Arrondissement,Picpus 16,7511246,4604.69324002046
751124617,Paris 12e Arrondissement,Picpus 17,7511246,2218.02464017151
751124618,Paris 12e Arrondissement,Picpus 18,7511246,2121.04835609482
751124619,Paris 12e Arrondissement,Picpus 19,7511246,3536.67042159084
751124620,Paris 12e Arrondissement,Picpus 20,7511246,1551.05484247289
751124621,Paris 12e Arrondissement,Picpus 21,7511246,2116.02234062661
751124622,Paris 12e Arrondissement,Picpus 22,7511246,1324.69323268297
751124623,Paris 12e Arrondissement,Picpus 23,7511246,2147.92965927364
751124624,Paris 12e Arrondissement,Picpus 24,7511246,1878.09579196675
751124701,Paris 12e Arrondissement,Bercy 1,7511247,2915.01768247193
751124702,Paris 12e Arrondissement,Bercy 2,7511247,2632.77291702273
751124703,Paris 12e Arrondissement,Bercy 3,7511247,2164.63914988126
751124704,Paris 12e Arrondissement,Bercy 4,7511247,1926.48147433788
751124705,Paris 12e Arrondissement,Bercy 5,7511247,2962.34941423023
751124801,Paris 12e Arrondissement,Quinze-Vingts 1,7511248,2663.64666892361
751124802,Paris 12e Arrondissement,Quinze-Vingts 2,7511248,1753.36986011051
751124803,Paris 12e Arrondissement,Quinze-Vingts 3,7511248,1870.9123743278
751124804,Paris 12e Arrondissement,Quinze-Vingts 4,7511248,2019.71014356095
751124805,Paris 12e Arrondissement,Quinze-Vingts 5,7511248,1679.07121035415
751124806,Paris 12e Arrondissement,Quinze-Vingts 6,7511248,1806.19360863133
751124807,Paris 12e Arrondissement,Quinze-Vingts 7,7511248,2734.11488515406
751124808,Paris 12e Arrondissement,Quinze-Vingts 8,7511248,1843.75209056215
751124809,Paris 12e Arrondissement,Quinze-Vingts 9,7511248,2148.97902688635
751124810,Paris 12e Arrondissement,Quinze-Vingts 10,7511248,2581.51116799904
751134901,Paris 13e Arrondissement,Salpêtrière 1,7511349,2169.12813427706
751134902,Paris 13e Arrondissement,Salpêtrière 2,7511349,2760.24771017086
751134903,Paris 13e Arrondissement,Salpêtrière 3,7511349,1689.93480862046
751134904,Paris 13e Arrondissement,Salpêtrière 4,7511349,1815.66025484008
751134905,Paris 13e Arrondissement,Salpêtrière 5,7511349,2613.10024794315
751134906,Paris 13e Arrondissement,Salpêtrière 6,7511349,2150.3519441459
751134907,Paris 13e Arrondissement,Salpêtrière 7,7511349,1808.90737310995
751135001,Paris 13e Arrondissement,Gare 1,7511350,1637.28956491685
751135002,Paris 13e Arrondissement,Gare 2,7511350,1586.99353053912
751135003,Paris 13e Arrondissement,Gare 3,7511350,3219.10521129279
751135004,Paris 13e Arrondissement,Gare 4,7511350,1425.83991982262
751135005,Paris 13e Arrondissement,Gare 5,7511350,2426.61814410223
751135006,Paris 13e Arrondissement,Gare 6,7511350,2635.65354118655
751135007,Paris 13e Arrondissement,Gare 7,7511350,3340.45612795215
751135008,Paris 13e Arrondissement,Gare 8,7511350,1101.46888511616
751135009,Paris 13e Arrondissement,Gare 9,7511350,2091.27073898221
751135010,Paris 13e Arrondissement,Gare 10,7511350,1798.37699475125
751135011,Paris 13e Arrondissement,Gare 11,7511350,2575.11907616514
751135012,Paris 13e Arrondissement,Gare 12,7511350,2717.93500964362
751135013,Paris 13e Arrondissement,Gare 13,7511350,1902.01807352746
751135014,Paris 13e Arrondissement,Gare 14,7511350,2464.63549973685
751135015,Paris 13e Arrondissement,Gare 15,7511350,1881.49523343426
751135016,Paris 13e Arrondissement,Gare 16,7511350,1675.37978009403
751135017,Paris 13e Arrondissement,Gare 17,7511350,825.443903305546
751135018,Paris 13e Arrondissement,Gare 18,7511350,1957.21415328934
751135019,Paris 13e Arrondissement,Gare 19,7511350,3292.28586241702
751135020,Paris 13e Arrondissement,Gare 20,7511350,3308.14183157405
751135021,Paris 13e Arrondissement,Gare 21,7511350,2168.34198248237
751135023,Paris 13e Arrondissement,Gare 23,7511350,1599.50850407268
751135024,Paris 13e Arrondissement,Gare 24,7511350,2237.17689537519
751135025,Paris 13e Arrondissement,Gare 25,7511350,1924.12962008092
751135026,Paris 13e Arrondissement,Gare 26,7511350,1385.04832893801
751135027,Paris 13e Arrondissement,Gare 27,7511350,2596.7851964553
751135028,Paris 13e Arrondissement,Gare 28,7511350,2291.70317466381
751135029,Paris 13e Arrondissement,Gare 29,7511350,3232.44218767396
751135030,Paris 13e Arrondissement,Gare 30,7511350,1556.36251986956
751135031,Paris 13e Arrondissement,Gare 31,7511350,1948.77597749723
751135101,Paris 13e Arrondissement,Maison Blanche 1,7511351,2846.45347760119
751135102,Paris 13e Arrondissement,Maison Blanche 2,7511351,1919.4425850719
751135103,Paris 13e Arrondissement,Maison Blanche 3,7511351,2131.80276453795
751135104,Paris 13e Arrondissement,Maison Blanche 4,7511351,2166.68544339542
751135105,Paris 13e Arrondissement,Maison Blanche 5,7511351,2480.53379532575
751135106,Paris 13e Arrondissement,Maison Blanche 6,7511351,3115.00967968212
751135107,Paris 13e Arrondissement,Maison Blanche 7,7511351,2055.2722197147
751135108,Paris 13e Arrondissement,Maison Blanche 8,7511351,2312.26971715905
751135109,Paris 13e Arrondissement,Maison Blanche 9,7511351,2444.18915657891
751135110,Paris 13e Arrondissement,Maison Blanche 10,7511351,3919.28824198059
751135111,Paris 13e Arrondissement,Maison Blanche 11,7511351,2193.07096382326
751135112,Paris 13e Arrondissement,Maison Blanche 12,7511351,2822.15262029006
751135113,Paris 13e Arrondissement,Maison Blanche 13,7511351,2114.30902869461
751135114,Paris 13e Arrondissement,Maison Blanche 14,7511351,2178.30197548149
751135115,Paris 13e Arrondissement,Maison Blanche 15,7511351,1291.75464206369
751135116,Paris 13e Arrondissement,Maison Blanche 16,7511351,2604.32764616011
751135117,Paris 13e Arrondissement,Maison Blanche 17,7511351,1658.02629471222
751135118,Paris 13e Arrondissement,Maison Blanche 18,7511351,1668.93088109305
751135119,Paris 13e Arrondissement,Maison Blanche 19,7511351,1494.33165653427
751135120,Paris 13e Arrondissement,Maison Blanche 20,7511351,1823.27049163744
751135121,Paris 13e Arrondissement,Maison Blanche 21,7511351,1158.0418878143
751135122,Paris 13e Arrondissement,Maison Blanche 22,7511351,3007.40084326649
751135123,Paris 13e Arrondissement,Maison Blanche 23,7511351,2019.55412126025
751135124,Paris 13e Arrondissement,Maison Blanche 24,7511351,2763.09726033502
751135125,Paris 13e Arrondissement,Maison Blanche 25,7511351,2569.20984900805
751135201,Paris 13e Arrondissement,Croulebarbe 1,7511352,3146.67231436479
751135202,Paris 13e Arrondissement,Croulebarbe 2,7511352,1397.39487595796
751135203,Paris 13e Arrondissement,Croulebarbe 3,7511352,2660.57133833191
751135204,Paris 13e Arrondissement,Croulebarbe 4,7511352,2628.2057877977
751135205,Paris 13e Arrondissement,Croulebarbe 5,7511352,2377.84835281591
751135206,Paris 13e Arrondissement,Croulebarbe 6,7511352,3203.49835099834
751135207,Paris 13e Arrondissement,Croulebarbe 7,7511352,2579.9431700291
751145301,Paris 14e Arrondissement,Montparnasse 1,7511453,1448.78561412209
751145302,Paris 14e Arrondissement,Montparnasse 2,7511453,1780.25419292377
751145303,Paris 14e Arrondissement,Montparnasse 3,7511453,1876.75190296262
751145304,Paris 14e Arrondissement,Montparnasse 4,7511453,1353.11456238169
751145305,Paris 14e Arrondissement,Montparnasse 5,7511453,2086.08433592729
751145306,Paris 14e Arrondissement,Montparnasse 6,7511453,1775.46368221131
751145307,Paris 14e Arrondissement,Montparnasse 7,7511453,1497.93097692513
751145308,Paris 14e Arrondissement,Montparnasse 8,7511453,1460.86435149521
751145309,Paris 14e Arrondissement,Montparnasse 9,7511453,1478.8657593264
751145310,Paris 14e Arrondissement,Montparnasse 10,7511453,1620.3270131998
751145401,Paris 14e Arrondissement,Parc de Montsouris 1,7511454,1119.00150297475
751145402,Paris 14e Arrondissement,Parc de Montsouris 2,7511454,3262.79990081295
751145403,Paris 14e Arrondissement,Parc de Montsouris 3,7511454,3490.94797369405
751145404,Paris 14e Arrondissement,Parc de Montsouris 4,7511454,1924.20257164234
751145405,Paris 14e Arrondissement,Parc de Montsouris 5,7511454,2678.91487555958
751145406,Paris 14e Arrondissement,Parc de Montsouris 6,7511454,3231.97614964105
751145501,Paris 14e Arrondissement,Petit Montrouge 1,7511455,1988.26677227678
751145502,Paris 14e Arrondissement,Petit Montrouge 2,7511455,2134.49564163696
751145503,Paris 14e Arrondissement,Petit Montrouge 3,7511455,2327.54556562605
751145504,Paris 14e Arrondissement,Petit Montrouge 4,7511455,2426.73584219215
751145505,Paris 14e Arrondissement,Petit Montrouge 5,7511455,2843.35266834637
751145506,Paris 14e Arrondissement,Petit Montrouge 6,7511455,2324.49134090417
751145507,Paris 14e Arrondissement,Petit Montrouge 7,7511455,1691.7969658936
751145508,Paris 14e Arrondissement,Petit Montrouge 8,7511455,3015.90528518127
751145509,Paris 14e Arrondissement,Petit Montrouge 9,7511455,1686.0057928509
751145510,Paris 14e Arrondissement,Petit Montrouge 10,7511455,1632.62203791399
751145511,Paris 14e Arrondissement,Petit Montrouge 11,7511455,1740.29213110461
751145512,Paris 14e Arrondissement,Petit Montrouge 12,7511455,1864.97589261722
751145513,Paris 14e Arrondissement,Petit Montrouge 13,7511455,2691.50845958351
751145514,Paris 14e Arrondissement,Petit Montrouge 14,7511455,1465.54866973232
751145515,Paris 14e Arrondissement,Petit Montrouge 15,7511455,2273.85729711863
751145516,Paris 14e Arrondissement,Petit Montrouge 16,7511455,1980.94686657868
751145601,Paris 14e Arrondissement,Plaisance 1,7511456,2011.67235438397
751145602,Paris 14e Arrondissement,Plaisance 2,7511456,1309.69235499661
751145603,Paris 14e Arrondissement,Plaisance 3,7511456,2031.28425160707
751145604,Paris 14e Arrondissement,Plaisance 4,7511456,1764.16680585128
751145605,Paris 14e Arrondissement,Plaisance 5,7511456,2303.34936334426
751145606,Paris 14e Arrondissement,Plaisance 6,7511456,2196.74509490823
751145607,Paris 14e Arrondissement,Plaisance 7,7511456,3252.8006736985
751145608,Paris 14e Arrondissement,Plaisance 8,7511456,1600.88131814572
751145609,Paris 14e Arrondissement,Plaisance 9,7511456,1915.00552989544
751145610,Paris 14e Arrondissement,Plaisance 10,7511456,1915.67593196037
751145611,Paris 14e Arrondissement,Plaisance 11,7511456,1256.18360232875
751145612,Paris 14e Arrondissement,Plaisance 12,7511456,1674.90012313101
751145613,Paris 14e Arrondissement,Plaisance 13,7511456,2080.96791525647
751145614,Paris 14e Arrondissement,Plaisance 14,7511456,1707.32612345593
751145615,Paris 14e Arrondissement,Plaisance 15,7511456,1850.77150202194
751145616,Paris 14e Arrondissement,Plaisance 16,7511456,2458.10457378994
751145617,Paris 14e Arrondissement,Plaisance 17,7511456,1874.58490767967
751145618,Paris 14e Arrondissement,Plaisance 18,7511456,2518.73343514318
751145619,Paris 14e Arrondissement,Plaisance 19,7511456,2040.43383146982
751145620,Paris 14e Arrondissement,Plaisance 20,7511456,2143.03204712985
751145621,Paris 14e Arrondissement,Plaisance 21,7511456,1796.32444138036
751145622,Paris 14e Arrondissement,Plaisance 22,7511456,1473.77031822834
751145623,Paris 14e Arrondissement,Plaisance 23,7511456,2914.44049588114
751145624,Paris 14e Arrondissement,Plaisance 24,7511456,2077.6313493002
751155701,Paris 15e Arrondissement,Saint-Lambert 1,7511557,3367.52727579594
751155702,Paris 15e Arrondissement,Saint-Lambert 2,7511557,1121.30736390606
751155703,Paris 15e Arrondissement,Saint-Lambert 3,7511557,3435.98977302617
751155704,Paris 15e Arrondissement,Saint-Lambert 4,7511557,2008.42285977146
751155705,Paris 15e Arrondissement,Saint-Lambert 5,7511557,3913.22686156736
751155706,Paris 15e Arrondissement,Saint-Lambert 6,7511557,2319.56711606649
751155707,Paris 15e Arrondissement,Saint-Lambert 7,7511557,1842.67928535182
751155708,Paris 15e Arrondissement,Saint-Lambert 8,7511557,3348.77152098202
751155709,Paris 15e Arrondissement,Saint-Lambert 9,7511557,3003.73445065015
751155710,Paris 15e Arrondissement,Saint-Lambert 10,7511557,3684.32655160932
751155711,Paris 15e Arrondissement,Saint-Lambert 11,7511557,1616.98546572203
751155712,Paris 15e Arrondissement,Saint-Lambert 12,7511557,1716.21560484001
751155713,Paris 15e Arrondissement,Saint-Lambert 13,7511557,1521.89538343256
751155714,Paris 15e Arrondissement,Saint-Lambert 14,7511557,1735.01068450113
751155715,Paris 15e Arrondissement,Saint-Lambert 15,7511557,2861.58201278376
751155716,Paris 15e Arrondissement,Saint-Lambert 16,7511557,2231.6318360719
751155717,Paris 15e Arrondissement,Saint-Lambert 17,7511557,2287.79236619247
751155718,Paris 15e Arrondissement,Saint-Lambert 18,7511557,1725.18105809984
751155719,Paris 15e Arrondissement,Saint-Lambert 19,7511557,1810.74807996337
751155720,Paris 15e Arrondissement,Saint-Lambert 20,7511557,1873.90936569051
751155721,Paris 15e Arrondissement,Saint-Lambert 21,7511557,1440.14879994352
751155722,Paris 15e Arrondissement,Saint-Lambert 22,7511557,2841.55279856171
751155723,Paris 15e Arrondissement,Saint-Lambert 23,7511557,2303.57110987624
751155724,Paris 15e Arrondissement,Saint-Lambert 24,7511557,3023.17567015143
751155725,Paris 15e Arrondissement,Saint-Lambert 25,7511557,2340.61888896326
751155726,Paris 15e Arrondissement,Saint-Lambert 26,7511557,2414.97760971437
751155727,Paris 15e Arrondissement,Saint-Lambert 27,7511557,2571.66500678168
751155728,Paris 15e Arrondissement,Saint-Lambert 28,7511557,1711.94200933229
751155729,Paris 15e Arrondissement,Saint-Lambert 29,7511557,3015.17111748779
751155730,Paris 15e Arrondissement,Saint-Lambert 30,7511557,2204.90297340683
751155731,Paris 15e Arrondissement,Saint-Lambert 31,7511557,2382.50930099525
751155801,Paris 15e Arrondissement,Necker 1,7511558,2689.25393360233
751155802,Paris 15e Arrondissement,Necker 2,7511558,2626.7894361235
751155803,Paris 15e Arrondissement,Necker 3,7511558,3294.30863782759
751155804,Paris 15e Arrondissement,Necker 4,7511558,2103.87225644372
751155805,Paris 15e Arrondissement,Necker 5,7511558,1936.59491629026
751155806,Paris 15e Arrondissement,Necker 6,7511558,2795.30780027891
751155807,Paris 15e Arrondissement,Necker 7,7511558,3277.86711625919
751155808,Paris 15e Arrondissement,Necker 8,7511558,1817.89392664676
751155809,Paris 15e Arrondissement,Necker 9,7511558,2984.61312515529
751155810,Paris 15e Arrondissement,Necker 10,7511558,4525.24192184853
751155811,Paris 15e Arrondissement,Necker 11,7511558,1544.46555844511
751155812,Paris 15e Arrondissement,Necker 12,7511558,1761.29898469729
751155813,Paris 15e Arrondissement,Necker 13,7511558,1916.25363542495
751155814,Paris 15e Arrondissement,Necker 14,7511558,1522.92646419945
751155815,Paris 15e Arrondissement,Necker 15,7511558,2038.62130343728
751155816,Paris 15e Arrondissement,Necker 16,7511558,1899.35962151982
751155817,Paris 15e Arrondissement,Necker 17,7511558,1953.81223499567
751155901,Paris 15e Arrondissement,Grenelle 1,7511559,1940.72696954892
751155902,Paris 15e Arrondissement,Grenelle 2,7511559,1373.14031550534
751155903,Paris 15e Arrondissement,Grenelle 3,7511559,1972.8967980494
751155904,Paris 15e Arrondissement,Grenelle 4,7511559,1899.44568262642
751155905,Paris 15e Arrondissement,Grenelle 5,7511559,2307.69192663583
751155906,Paris 15e Arrondissement,Grenelle 6,7511559,2257.92114095745
751155907,Paris 15e Arrondissement,Grenelle 7,7511559,2253.71230142908
751155908,Paris 15e Arrondissement,Grenelle 8,7511559,2354.32264124193
751155909,Paris 15e Arrondissement,Grenelle 9,7511559,1889.13112220076
751155910,Paris 15e Arrondissement,Grenelle 10,7511559,1946.95087980359
751155911,Paris 15e Arrondissement,Grenelle 11,7511559,2280.74464783756
751155912,Paris 15e Arrondissement,Grenelle 12,7511559,2882.53067124294
751155913,Paris 15e Arrondissement,Grenelle 13,7511559,2276.94685267167
751155914,Paris 15e Arrondissement,Grenelle 14,7511559,1552.64875750271
751155915,Paris 15e Arrondissement,Grenelle 15,7511559,1782.3030142367
751155916,Paris 15e Arrondissement,Grenelle 16,7511559,1778.78501482925
751155917,Paris 15e Arrondissement,Grenelle 17,7511559,2269.21021235865
751155918,Paris 15e Arrondissement,Grenelle 18,7511559,2682.42921879976
751155919,Paris 15e Arrondissement,Grenelle 19,7511559,1961.51223921592
751156001,Paris 15e Arrondissement,Javel 1,7511560,2307.23800603517
751156002,Paris 15e Arrondissement,Javel 2,7511560,1861.15208333347
751156003,Paris 15e Arrondissement,Javel 3,7511560,2400.67191572721
751156004,Paris 15e Arrondissement,Javel 4,7511560,3195.95423043398
751156005,Paris 15e Arrondissement,Javel 5,7511560,2650.9314122751
751156006,Paris 15e Arrondissement,Javel 6,7511560,1727.19034748115
751156007,Paris 15e Arrondissement,Javel 7,7511560,2226.77524593486
751156008,Paris 15e Arrondissement,Javel 8,7511560,1626.50533496555
751156009,Paris 15e Arrondissement,Javel 9,7511560,1435.12214404907
751156010,Paris 15e Arrondissement,Javel 10,7511560,2430.20149466795
751156012,Paris 15e Arrondissement,Javel 12,7511560,3273.84711493021
751156013,Paris 15e Arrondissement,Javel 13,7511560,1961.84374957488
751156014,Paris 15e Arrondissement,Javel 14,7511560,2555.46017247368
751156015,Paris 15e Arrondissement,Javel 15,7511560,1564.3911515392
751156016,Paris 15e Arrondissement,Javel 16,7511560,1964.10961508663
751156017,Paris 15e Arrondissement,Javel 17,7511560,1849.36897788695
751156018,Paris 15e Arrondissement,Javel 18,7511560,2650.069171998
751156019,Paris 15e Arrondissement,Javel 19,7511560,3366.40111141456
751156020,Paris 15e Arrondissement,Javel 20,7511560,2846.55130443895
751166101,Paris 16e Arrondissement,Auteuil 1,7511661,2015.03425563353
751166102,Paris 16e Arrondissement,Auteuil 2,7511661,2144.73128294097
751166103,Paris 16e Arrondissement,Auteuil 3,7511661,1432.30227835558
751166104,Paris 16e Arrondissement,Auteuil 4,7511661,1796.21742248995
751166105,Paris 16e Arrondissement,Auteuil 5,7511661,1867.4139741185
751166106,Paris 16e Arrondissement,Auteuil 6,7511661,2588.04076287964
751166107,Paris 16e Arrondissement,Auteuil 7,7511661,3358.86828755808
751166108,Paris 16e Arrondissement,Auteuil 8,7511661,1765.69856311662
751166109,Paris 16e Arrondissement,Auteuil 9,7511661,2422.13562641741
751166110,Paris 16e Arrondissement,Auteuil 10,7511661,2030.61576899802
751166111,Paris 16e Arrondissement,Auteuil 11,7511661,1934.97674352212
751166112,Paris 16e Arrondissement,Auteuil 12,7511661,1811.37491810644
751166113,Paris 16e Arrondissement,Auteuil 13,7511661,1750.88716295249
751166114,Paris 16e Arrondissement,Auteuil 14,7511661,1745.35844969325
751166115,Paris 16e Arrondissement,Auteuil 15,7511661,2949.76307333411
751166116,Paris 16e Arrondissement,Auteuil 16,7511661,1791.6513941754
751166117,Paris 16e Arrondissement,Auteuil 17,7511661,2291.69587969556
751166118,Paris 16e Arrondissement,Auteuil 18,7511661,2162.39594082669
751166119,Paris 16e Arrondissement,Auteuil 19,7511661,1966.64545970157
751166120,Paris 16e Arrondissement,Auteuil 20,7511661,1697.4734620889
751166121,Paris 16e Arrondissement,Auteuil 21,7511661,1902.25969853195
751166122,Paris 16e Arrondissement,Auteuil 22,7511661,2264.31991965477
751166123,Paris 16e Arrondissement,Auteuil 23,7511661,1814.54927659751
751166124,Paris 16e Arrondissement,Auteuil 24,7511661,1411.12617902661
751166125,Paris 16e Arrondissement,Auteuil 25,7511661,1840.71265892792
751166126,Paris 16e Arrondissement,Auteuil 26,7511661,2499.19404205855
751166127,Paris 16e Arrondissement,Auteuil 27,7511661,2763.89989032406
751166128,Paris 16e Arrondissement,Auteuil 28,7511661,2175.20235664546
751166129,Paris 16e Arrondissement,Auteuil 29,7511661,1389.37083793658
751166130,Paris 16e Arrondissement,Auteuil 30,7511661,1685.2687058966
751166201,Paris 16e Arrondissement,Muette 1,7511662,1311.68671431222
751166202,Paris 16e Arrondissement,Muette 2,7511662,1720.59401826469
751166203,Paris 16e Arrondissement,Muette 3,7511662,2047.94265483879
751166204,Paris 16e Arrondissement,Muette 4,7511662,2075.21497279705
751166205,Paris 16e Arrondissement,Muette 5,7511662,1791.0289175342
751166206,Paris 16e Arrondissement,Muette 6,7511662,1721.73996729531
751166207,Paris 16e Arrondissement,Muette 7,7511662,1184.37902550815
751166208,Paris 16e Arrondissement,Muette 8,7511662,1784.03493681449
751166209,Paris 16e Arrondissement,Muette 9,7511662,1873.74736298943
751166210,Paris 16e Arrondissement,Muette 10,7511662,1672.33978098375
751166211,Paris 16e Arrondissement,Muette 11,7511662,2040.09453501455
751166212,Paris 16e Arrondissement,Muette 12,7511662,1677.69182561976
751166213,Paris 16e Arrondissement,Muette 13,7511662,1976.39569708065
751166214,Paris 16e Arrondissement,Muette 14,7511662,1854.16716444708
751166215,Paris 16e Arrondissement,Muette 15,7511662,2173.43684765544
751166216,Paris 16e Arrondissement,Muette 16,7511662,1621.65998999294
751166217,Paris 16e Arrondissement,Muette 17,7511662,2553.45591880192
751166218,Paris 16e Arrondissement,Muette 18,7511662,2056.67566973488
751166219,Paris 16e Arrondissement,Muette 19,7511662,2440.96448897043
751166220,Paris 16e Arrondissement,Muette 20,7511662,2141.74974163924
751166221,Paris 16e Arrondissement,Muette 21,7511662,1540.77424021518
751166301,Paris 16e Arrondissement,Porte Dauphine 1,7511663,1844.01608338526
751166302,Paris 16e Arrondissement,Porte Dauphine 2,7511663,3003.4191365553
751166303,Paris 16e Arrondissement,Porte Dauphine 3,7511663,2183.66693548407
751166304,Paris 16e Arrondissement,Porte Dauphine 4,7511663,2957.71910886526
751166305,Paris 16e Arrondissement,Porte Dauphine 5,7511663,1517.92740449091
751166306,Paris 16e Arrondissement,Porte Dauphine 6,7511663,2159.38582729938
751166307,Paris 16e Arrondissement,Porte Dauphine 7,7511663,2160.57442928172
751166308,Paris 16e Arrondissement,Porte Dauphine 8,7511663,2059.00653157364
751166309,Paris 16e Arrondissement,Porte Dauphine 9,7511663,1617.33289380594
751166310,Paris 16e Arrondissement,Porte Dauphine 10,7511663,1256.22452260716
751166311,Paris 16e Arrondissement,Porte Dauphine 11,7511663,1258.58081632663
751166401,Paris 16e Arrondissement,Chaillot 1,7511664,1213.74091283672
751166402,Paris 16e Arrondissement,Chaillot 2,7511664,1764.64645983601
751166403,Paris 16e Arrondissement,Chaillot 3,7511664,2173.70950911622
751166404,Paris 16e Arrondissement,Chaillot 4,7511664,1726.0749565081
751166405,Paris 16e Arrondissement,Chaillot 5,7511664,2028.88934539914
751166406,Paris 16e Arrondissement,Chaillot 6,7511664,1478.19575201759
751166407,Paris 16e Arrondissement,Chaillot 7,7511664,2547.37542554894
751166409,Paris 16e Arrondissement,Chaillot 9,7511664,1977.78182509147
751176501,Paris 17e Arrondissement,Ternes 1,7511765,3275.5713299459
751176502,Paris 17e Arrondissement,Ternes 2,7511765,2381.46597809787
751176503,Paris 17e Arrondissement,Ternes 3,7511765,1683.9258686136
751176504,Paris 17e Arrondissement,Ternes 4,7511765,2748.86883111342
751176505,Paris 17e Arrondissement,Ternes 5,7511765,1462.73505084191
751176506,Paris 17e Arrondissement,Ternes 6,7511765,1699.00059633342
751176507,Paris 17e Arrondissement,Ternes 7,7511765,2102.85069645527
751176508,Paris 17e Arrondissement,Ternes 8,7511765,2923.77324170258
751176509,Paris 17e Arrondissement,Ternes 9,7511765,1693.43565505921
751176510,Paris 17e Arrondissement,Ternes 10,7511765,2589.16078234584
751176511,Paris 17e Arrondissement,Ternes 11,7511765,1875.49608962925
751176512,Paris 17e Arrondissement,Ternes 12,7511765,2384.84220281046
751176513,Paris 17e Arrondissement,Ternes 13,7511765,1700.9194276408
751176514,Paris 17e Arrondissement,Ternes 14,7511765,1863.64646003639
751176515,Paris 17e Arrondissement,Ternes 15,7511765,3195.21988580168
751176601,Paris 17e Arrondissement,Plaine Monceau 1,7511766,1958.00201126549
751176602,Paris 17e Arrondissement,Plaine Monceau 2,7511766,2607.20003224859
751176603,Paris 17e Arrondissement,Plaine Monceau 3,7511766,2824.95983755396
751176604,Paris 17e Arrondissement,Plaine Monceau 4,7511766,1885.50812615176
751176605,Paris 17e Arrondissement,Plaine Monceau 5,7511766,1724.12973937879
751176606,Paris 17e Arrondissement,Plaine Monceau 6,7511766,1846.11552778294
751176607,Paris 17e Arrondissement,Plaine Monceau 7,7511766,1651.63201875593
751176608,Paris 17e Arrondissement,Plaine Monceau 8,7511766,1566.06369432651
751176609,Paris 17e Arrondissement,Plaine Monceau 9,7511766,2017.91614239027
751176610,Paris 17e Arrondissement,Plaine Monceau 10,7511766,2194.18933832367
751176611,Paris 17e Arrondissement,Plaine Monceau 11,7511766,2483.96890419736
751176612,Paris 17e Arrondissement,Plaine Monceau 12,7511766,2762.71517504699
751176613,Paris 17e Arrondissement,Plaine Monceau 13,7511766,2049.21148554323
751176614,Paris 17e Arrondissement,Plaine Monceau 14,7511766,2929.01855025672
751176615,Paris 17e Arrondissement,Plaine Monceau 15,7511766,3161.84180901975
751176616,Paris 17e Arrondissement,Plaine Monceau 16,7511766,2121.03800408619
751176701,Paris 17e Arrondissement,Batignolles 1,7511767,2003.51285499201
751176702,Paris 17e Arrondissement,Batignolles 2,7511767,2092.78209741297
751176703,Paris 17e Arrondissement,Batignolles 3,7511767,1866.91656158955
751176704,Paris 17e Arrondissement,Batignolles 4,7511767,2265.25466109258
751176705,Paris 17e Arrondissement,Batignolles 5,7511767,1647.96967557932
751176706,Paris 17e Arrondissement,Batignolles 6,7511767,2138.39671383105
751176707,Paris 17e Arrondissement,Batignolles 7,7511767,1692.11837219483
751176708,Paris 17e Arrondissement,Batignolles 8,7511767,2123.07188977377
751176709,Paris 17e Arrondissement,Batignolles 9,7511767,1979.22391118577
751176710,Paris 17e Arrondissement,Batignolles 10,7511767,3292.07404601628
751176711,Paris 17e Arrondissement,Batignolles 11,7511767,1901.81970750066
751176712,Paris 17e Arrondissement,Batignolles 12,7511767,1885.86755170515
751176713,Paris 17e Arrondissement,Batignolles 13,7511767,2491.70654773067
751176714,Paris 17e Arrondissement,Batignolles 14,7511767,6201.89937888795
751176715,Paris 17e Arrondissement,Batignolles 15,7511767,2466.04451636517
751176716,Paris 17e Arrondissement,Batignolles 16,7511767,1576.13123514788
751176801,Paris 17e Arrondissement,Épinettes 1,7511768,2605.1551924857
751176802,Paris 17e Arrondissement,Épinettes 2,7511768,3127.60299206698
751176803,Paris 17e Arrondissement,Épinettes 3,7511768,2419.21841559502
751176804,Paris 17e Arrondissement,Épinettes 4,7511768,2114.02381378849
751176805,Paris 17e Arrondissement,Épinettes 5,7511768,1657.73894986682
751176806,Paris 17e Arrondissement,Épinettes 6,7511768,4468.40980737515
751176807,Paris 17e Arrondissement,Épinettes 7,7511768,2190.71183474033
751176808,Paris 17e Arrondissement,Épinettes 8,7511768,2262.37846039909
751176809,Paris 17e Arrondissement,Épinettes 9,7511768,2092.91037006677
751176810,Paris 17e Arrondissement,Épinettes 10,7511768,1802.82245101189
751176811,Paris 17e Arrondissement,Épinettes 11,7511768,2054.79219910714
751176812,Paris 17e Arrondissement,Épinettes 12,7511768,1681.68550212611
751176813,Paris 17e Arrondissement,Épinettes 13,7511768,1999.59566546023
751176814,Paris 17e Arrondissement,Épinettes 14,7511768,2091.56751556353
751176815,Paris 17e Arrondissement,Épinettes 15,7511768,1726.77878154352
751176816,Paris 17e Arrondissement,Épinettes 16,7511768,2434.52838608191
751176817,Paris 17e Arrondissement,Épinettes 17,7511768,1315.04283712963
751186901,Paris 18e Arrondissement,Grandes Carrières 1,7511869,1958.69253942154
751186902,Paris 18e Arrondissement,Grandes Carrières 2,7511869,1688.54258756427
751186903,Paris 18e Arrondissement,Grandes Carrières 3,7511869,1822.3215663579
751186904,Paris 18e Arrondissement,Grandes Carrières 4,7511869,2403.64260272288
751186905,Paris 18e Arrondissement,Grandes Carrières 5,7511869,2561.12912743502
751186906,Paris 18e Arrondissement,Grandes Carrières 6,7511869,2117.01474659243
751186907,Paris 18e Arrondissement,Grandes Carrières 7,7511869,3109.75893614545
751186908,Paris 18e Arrondissement,Grandes Carrières 8,7511869,1660.43834183753
751186909,Paris 18e Arrondissement,Grandes Carrières 9,7511869,1323.72741291324
751186910,Paris 18e Arrondissement,Grandes Carrières 10,7511869,2296.84563720568
751186911,Paris 18e Arrondissement,Grandes Carrières 11,7511869,1429.48158176769
751186912,Paris 18e Arrondissement,Grandes Carrières 12,7511869,2480.56733872064
751186913,Paris 18e Arrondissement,Grandes Carrières 13,7511869,1705.31343483072
751186914,Paris 18e Arrondissement,Grandes Carrières 14,7511869,1803.23286105983
751186915,Paris 18e Arrondissement,Grandes Carrières 15,7511869,1795.95236303024
751186916,Paris 18e Arrondissement,Grandes Carrières 16,7511869,2330.24561116104
751186917,Paris 18e Arrondissement,Grandes Carrières 17,7511869,1706.38979827857
751186918,Paris 18e Arrondissement,Grandes Carrières 18,7511869,3222.78975207743
751186919,Paris 18e Arrondissement,Grandes Carrières 19,7511869,3545.41011011168
751186920,Paris 18e Arrondissement,Grandes Carrières 20,7511869,1915.71680320521
751186921,Paris 18e Arrondissement,Grandes Carrières 21,7511869,1858.04403932781
751186922,Paris 18e Arrondissement,Grandes Carrières 22,7511869,2301.47685945713
751186923,Paris 18e Arrondissement,Grandes Carrières 23,7511869,3314.53091752454
751186924,Paris 18e Arrondissement,Grandes Carrières 24,7511869,2951.9316110893
751186925,Paris 18e Arrondissement,Grandes Carrières 25,7511869,2424.65546483496
751186926,Paris 18e Arrondissement,Grandes Carrières 26,7511869,1972.23714197569
751186927,Paris 18e Arrondissement,Grandes Carrières 27,7511869,1455.00269984912
751186928,Paris 18e Arrondissement,Grandes Carrières 28,7511869,1834.83667678908
751187001,Paris 18e Arrondissement,Clignancourt 1,7511870,2726.65404205408
751187002,Paris 18e Arrondissement,Clignancourt 2,7511870,2186.13902579286
751187003,Paris 18e Arrondissement,Clignancourt 3,7511870,1755.70361617558
751187004,Paris 18e Arrondissement,Clignancourt 4,7511870,1407.94204800025
751187005,Paris 18e Arrondissement,Clignancourt 5,7511870,1905.64045465005
751187006,Paris 18e Arrondissement,Clignancourt 6,7511870,1982.8175405963
751187007,Paris 18e Arrondissement,Clignancourt 7,7511870,1708.03761168245
751187008,Paris 18e Arrondissement,Clignancourt 8,7511870,1447.09140255822
751187009,Paris 18e Arrondissement,Clignancourt 9,7511870,2676.66874981327
751187010,Paris 18e Arrondissement,Clignancourt 10,7511870,1523.71658686248
751187011,Paris 18e Arrondissement,Clignancourt 11,7511870,1916.0219975343
751187012,Paris 18e Arrondissement,Clignancourt 12,7511870,2226.36715860243
751187013,Paris 18e Arrondissement,Clignancourt 13,7511870,2436.95516466375
751187014,Paris 18e Arrondissement,Clignancourt 14,7511870,1444.67000923412
751187015,Paris 18e Arrondissement,Clignancourt 15,7511870,1906.51238119037
751187016,Paris 18e Arrondissement,Clignancourt 16,7511870,1967.60219667044
751187017,Paris 18e Arrondissement,Clignancourt 17,7511870,3075.49050036901
751187018,Paris 18e Arrondissement,Clignancourt 18,7511870,1902.66234763138
751187019,Paris 18e Arrondissement,Clignancourt 19,7511870,2471.43056293131
751187020,Paris 18e Arrondissement,Clignancourt 20,7511870,2024.23251093786
751187021,Paris 18e Arrondissement,Clignancourt 21,7511870,3048.04620003431
751187022,Paris 18e Arrondissement,Clignancourt 22,7511870,2519.00813322711
751187023,Paris 18e Arrondissement,Clignancourt 23,7511870,2049.10087614385
751187024,Paris 18e Arrondissement,Clignancourt 24,7511870,1771.86293494178
751187025,Paris 18e Arrondissement,Clignancourt 25,7511870,1843.31027945216
751187026,Paris 18e Arrondissement,Clignancourt 26,7511870,2285.86157473108
751187027,Paris 18e Arrondissement,Clignancourt 27,7511870,2151.27833932719
751187101,Paris 18e Arrondissement,Goutte d'Or 1,7511871,2291.78090667105
751187102,Paris 18e Arrondissement,Goutte d'Or 2,7511871,2853.88473147205
751187103,Paris 18e Arrondissement,Goutte d'Or 3,7511871,1721.18634631848
751187104,Paris 18e Arrondissement,Goutte d'Or 4,7511871,1841.95575513623
751187105,Paris 18e Arrondissement,Goutte d'Or 5,7511871,1434.82294654041
751187106,Paris 18e Arrondissement,Goutte d'Or 6,7511871,1910.83375213163
751187107,Paris 18e Arrondissement,Goutte d'Or 7,7511871,1529.55035794397
751187108,Paris 18e Arrondissement,Goutte d'Or 8,7511871,1760.4087203686
751187109,Paris 18e Arrondissement,Goutte d'Or 9,7511871,1562.46987989211
751187110,Paris 18e Arrondissement,Goutte d'Or 10,7511871,5805.42792853764
751187201,Paris 18e Arrondissement,Chapelle 1,7511872,2169.69944166733
751187202,Paris 18e Arrondissement,Chapelle 2,7511872,1750.0089802461
751187203,Paris 18e Arrondissement,Chapelle 3,7511872,1777.1918677254
751187204,Paris 18e Arrondissement,Chapelle 4,7511872,1730.18565857399
751187205,Paris 18e Arrondissement,Chapelle 5,7511872,2239.31164448213
751187206,Paris 18e Arrondissement,Chapelle 6,7511872,2135.45937148158
751187207,Paris 18e Arrondissement,Chapelle 7,7511872,2393.05804719668
751187208,Paris 18e Arrondissement,Chapelle 8,7511872,2797.7973548195
751187209,Paris 18e Arrondissement,Chapelle 9,7511872,2366.89599389445
751197301,Paris 19e Arrondissement,Villette 1,7511973,3747.363404708
751197302,Paris 19e Arrondissement,Villette 2,7511973,2621.59815210301
751197303,Paris 19e Arrondissement,Villette 3,7511973,3388.51656503888
751197304,Paris 19e Arrondissement,Villette 4,7511973,2126.25974788144
751197305,Paris 19e Arrondissement,Villette 5,7511973,2889.65794045783
751197306,Paris 19e Arrondissement,Villette 6,7511973,2299.18959739237
751197307,Paris 19e Arrondissement,Villette 7,7511973,2614.13826302235
751197308,Paris 19e Arrondissement,Villette 8,7511973,2681.72187558814
751197309,Paris 19e Arrondissement,Villette 9,7511973,2641.14927977441
751197310,Paris 19e Arrondissement,Villette 10,7511973,4014.57104361241
751197311,Paris 19e Arrondissement,Villette 11,7511973,1967.68949925738
751197312,Paris 19e Arrondissement,Villette 12,7511973,1539.09937297025
751197313,Paris 19e Arrondissement,Villette 13,7511973,2493.83352384392
751197314,Paris 19e Arrondissement,Villette 14,7511973,1911.16510459935
751197315,Paris 19e Arrondissement,Villette 15,7511973,2103.51705871927
751197316,Paris 19e Arrondissement,Villette 16,7511973,2995.71103608182
751197317,Paris 19e Arrondissement,Villette 17,7511973,1652.52564733639
751197401,Paris 19e Arrondissement,Pont de Flandre 1,7511974,1094.21173665632
751197402,Paris 19e Arrondissement,Pont de Flandre 2,7511974,2541.20377306717
751197403,Paris 19e Arrondissement,Pont de Flandre 3,7511974,1665.83225819358
751197404,Paris 19e Arrondissement,Pont de Flandre 4,7511974,1500.05371097249
751197405,Paris 19e Arrondissement,Pont de Flandre 5,7511974,1908.25320145041
751197406,Paris 19e Arrondissement,Pont de Flandre 6,7511974,4014.74417494005
751197407,Paris 19e Arrondissement,Pont de Flandre 7,7511974,1909.73531344677
751197408,Paris 19e Arrondissement,Pont de Flandre 8,7511974,1963.6427980609
751197409,Paris 19e Arrondissement,Pont de Flandre 9,7511974,1606.27710674056
751197410,Paris 19e Arrondissement,Pont de Flandre 10,7511974,2127.22246526451
751197411,Paris 19e Arrondissement,Pont de Flandre 11,7511974,2435.75448894278
751197501,Paris 19e Arrondissement,Amérique 1,7511975,2298.1268183987
751197502,Paris 19e Arrondissement,Amérique 2,7511975,2184.79331790146
751197503,Paris 19e Arrondissement,Amérique 3,7511975,1650.24692648294
751197504,Paris 19e Arrondissement,Amérique 4,7511975,2053.33614851918
751197505,Paris 19e Arrondissement,Amérique 5,7511975,1680.01831492939
751197506,Paris 19e Arrondissement,Amérique 6,7511975,1702.6138032408
751197507,Paris 19e Arrondissement,Amérique 7,7511975,1985.24526767284
751197508,Paris 19e Arrondissement,Amérique 8,7511975,2100.51957807508
751197509,Paris 19e Arrondissement,Amérique 9,7511975,1619.54932389817
751197510,Paris 19e Arrondissement,Amérique 10,7511975,2004.43198490309
751197511,Paris 19e Arrondissement,Amérique 11,7511975,1855.50399545909
751197512,Paris 19e Arrondissement,Amérique 12,7511975,998.808839501402
751197513,Paris 19e Arrondissement,Amérique 13,7511975,1833.22583420754
751197514,Paris 19e Arrondissement,Amérique 14,7511975,2710.83559113064
751197515,Paris 19e Arrondissement,Amérique 15,7511975,2008.54847876511
751197516,Paris 19e Arrondissement,Amérique 16,7511975,1050.21711155165
751197517,Paris 19e Arrondissement,Amérique 17,7511975,3234.50637666018
751197518,Paris 19e Arrondissement,Amérique 18,7511975,2655.31664213003
751197519,Paris 19e Arrondissement,Amérique 19,7511975,1462.36553985827
751197520,Paris 19e Arrondissement,Amérique 20,7511975,2828.25252216716
751197521,Paris 19e Arrondissement,Amérique 21,7511975,2188.60814113891
751197522,Paris 19e Arrondissement,Amérique 22,7511975,3104.62008543961
751197523,Paris 19e Arrondissement,Amérique 23,7511975,1815.81451727417
751197524,Paris 19e Arrondissement,Amérique 24,7511975,1470.38432321237
751197601,Paris 19e Arrondissement,Combat 1,7511976,2175.85099006491
751197602,Paris 19e Arrondissement,Combat 2,7511976,4630.16846520596
751197603,Paris 19e Arrondissement,Combat 3,7511976,2510.17827407655
751197604,Paris 19e Arrondissement,Combat 4,7511976,2113.32929061302
751197605,Paris 19e Arrondissement,Combat 5,7511976,1792.03418494906
751197606,Paris 19e Arrondissement,Combat 6,7511976,1463.18972151656
751197607,Paris 19e Arrondissement,Combat 7,7511976,1631.572537493
751197608,Paris 19e Arrondissement,Combat 8,7511976,2239.61169083148
751197609,Paris 19e Arrondissement,Combat 9,7511976,2607.13468033464
751197610,Paris 19e Arrondissement,Combat 10,7511976,1150.82178452832
751197611,Paris 19e Arrondissement,Combat 11,7511976,2627.70800893288
751197612,Paris 19e Arrondissement,Combat 12,7511976,1884.72288806265
751197613,Paris 19e Arrondissement,Combat 13,7511976,2260.08875001044
751197614,Paris 19e Arrondissement,Combat 14,7511976,2036.32125586525
751197615,Paris 19e Arrondissement,Combat 15,7511976,2100.2362122654
751197616,Paris 19e Arrondissement,Combat 16,7511976,1460.04542458131
751207701,Paris 20e Arrondissement,Belleville 1,7512077,2059.01547486262
751207702,Paris 20e Arrondissement,Belleville 2,7512077,2243.65536948901
751207703,Paris 20e Arrondissement,Belleville 3,7512077,1797.18499109872
751207704,Paris 20e Arrondissement,Belleville 4,7512077,1756.28101027755
751207705,Paris 20e Arrondissement,Belleville 5,7512077,1631.80665414927
751207706,Paris 20e Arrondissement,Belleville 6,7512077,1919.59572888581
751207707,Paris 20e Arrondissement,Belleville 7,7512077,2382.11710493091
751207708,Paris 20e Arrondissement,Belleville 8,7512077,2504.05535114936
751207709,Paris 20e Arrondissement,Belleville 9,7512077,1111.251248875
751207710,Paris 20e Arrondissement,Belleville 10,7512077,1939.89379424246
751207711,Paris 20e Arrondissement,Belleville 11,7512077,3132.85434987275
751207712,Paris 20e Arrondissement,Belleville 12,7512077,2303.73109976204
751207713,Paris 20e Arrondissement,Belleville 13,7512077,2368.85196741812
751207714,Paris 20e Arrondissement,Belleville 14,7512077,2525.59055531986
751207801,Paris 20e Arrondissement,Saint-Fargeau 1,7512078,3063.3047862673
751207802,Paris 20e Arrondissement,Saint-Fargeau 2,7512078,3175.77292228824
751207803,Paris 20e Arrondissement,Saint-Fargeau 3,7512078,1458.64122752041
751207804,Paris 20e Arrondissement,Saint-Fargeau 4,7512078,1715.88960334737
751207805,Paris 20e Arrondissement,Saint-Fargeau 5,7512078,2746.19022844542
751207806,Paris 20e Arrondissement,Saint-Fargeau 6,7512078,3650.03869222683
751207807,Paris 20e Arrondissement,Saint-Fargeau 7,7512078,2493.66720823732
751207808,Paris 20e Arrondissement,Saint-Fargeau 8,7512078,3424.68616129676
751207809,Paris 20e Arrondissement,Saint-Fargeau 9,7512078,3492.7918281801
751207810,Paris 20e Arrondissement,Saint-Fargeau 10,7512078,1660.854334332
751207811,Paris 20e Arrondissement,Saint-Fargeau 11,7512078,1582.45432531254
751207812,Paris 20e Arrondissement,Saint-Fargeau 12,7512078,1703.3978843905
751207813,Paris 20e Arrondissement,Saint-Fargeau 13,7512078,1932.02906473027
751207814,Paris 20e Arrondissement,Saint-Fargeau 14,7512078,1800.64118883327
751207815,Paris 20e Arrondissement,Saint-Fargeau 15,7512078,2648.85668178928
751207816,Paris 20e Arrondissement,Saint-Fargeau 16,7512078,2809.45389845712
751207901,Paris 20e Arrondissement,Père Lachaise 1,7512079,3263.84744256712
751207902,Paris 20e Arrondissement,Père Lachaise 2,7512079,2490.33378562795
751207903,Paris 20e Arrondissement,Père Lachaise 3,7512079,2086.05932637836
751207904,Paris 20e Arrondissement,Père Lachaise 4,7512079,2076.21886365813
751207905,Paris 20e Arrondissement,Père Lachaise 5,7512079,4974.33953160984
751207906,Paris 20e Arrondissement,Père Lachaise 6,7512079,1795.14282640692
751207907,Paris 20e Arrondissement,Père Lachaise 7,7512079,2531.49018189694
751207908,Paris 20e Arrondissement,Père Lachaise 8,7512079,2520.03332107835
751207909,Paris 20e Arrondissement,Père Lachaise 9,7512079,1480.90129279798
751207910,Paris 20e Arrondissement,Père Lachaise 10,7512079,2325.35542543692
751207911,Paris 20e Arrondissement,Père Lachaise 11,7512079,2095.64297676216
751207912,Paris 20e Arrondissement,Père Lachaise 12,7512079,2776.6624803386
751207913,Paris 20e Arrondissement,Père Lachaise 13,7512079,1830.70530369864
751207914,Paris 20e Arrondissement,Père Lachaise 14,7512079,2029.27235918325
751207915,Paris 20e Arrondissement,Père Lachaise 15,7512079,2575.56992564593
751207916,Paris 20e Arrondissement,Père Lachaise 16,7512079,2497.87606393049
751208001,Paris 20e Arrondissement,Charonne 1,7512080,1885.6056332254
751208002,Paris 20e Arrondissement,Charonne 2,7512080,1732.26561845244
751208003,Paris 20e Arrondissement,Charonne 3,7512080,2624.66601956879
751208004,Paris 20e Arrondissement,Charonne 4,7512080,1650.43739779411
751208005,Paris 20e Arrondissement,Charonne 5,7512080,1681.99422804896
751208006,Paris 20e Arrondissement,Charonne 6,7512080,2413.05094868166
751208007,Paris 20e Arrondissement,Charonne 7,7512080,3480.40941549461
751208008,Paris 20e Arrondissement,Charonne 8,7512080,2273.31202624772
751208009,Paris 20e Arrondissement,Charonne 9,7512080,1151.04363524066
751208010,Paris 20e Arrondissement,Charonne 10,7512080,1863.91386332385
751208011,Paris 20e Arrondissement,Charonne 11,7512080,1379.59779495014
751208012,Paris 20e Arrondissement,Charonne 12,7512080,2475.63523693919
751208013,Paris 20e Arrondissement,Charonne 13,7512080,2241.80220040481
751208014,Paris 20e Arrondissement,Charonne 14,7512080,1904.43321705247
751208015,Paris 20e Arrondissement,Charonne 15,7512080,2731.16744041966
751208016,Paris 20e Arrondissement,Charonne 16,7512080,2165.6870984564
751208017,Paris 20e Arrondissement,Charonne 17,7512080,2310.07334405681
751208018,Paris 20e Arrondissement,Charonne 18,7512080,2323.01625576649
751208019,Paris 20e Arrondissement,Charonne 19,7512080,4385.52408235848
751208020,Paris 20e Arrondissement,Charonne 20,7512080,2117.29798234459
751208021,Paris 20e Arrondissement,Charonne 21,7512080,3274.26064203382
751208022,Paris 20e Arrondissement,Charonne 22,7512080,1558.58050115053
751208023,Paris 20e Arrondissement,Charonne 23,7512080,1863.21951567161
751208024,Paris 20e Arrondissement,Charonne 24,7512080,2885.94441625933
751208025,Paris 20e Arrondissement,Charonne 25,7512080,2525.51172673178
751208026,Paris 20e Arrondissement,Charonne 26,7512080,1562.18287458002
