Trimestre;arrondissement;prix_m2
T4 2025;1;12100
T3 2025;1;12020
T2 2025;1;11830
T1 2025;1;12740
T4 2024;1;12180
T3 2024;1;12960
T2 2024;1;13570
T1 2024;1;13110
T4 2023;1;13550
T3 2023;1;13790
T2 2023;1;13190
T1 2023;1;14140
T4 2022;1;14770
T3 2022;1;13650
T2 2022;1;13870
T1 2022;1;13240
T4 2021;1;13650
T3 2021;1;13080
T2 2021;1;14330
T1 2021;1;13530
T4 2020;1;13250
T3 2020;1;14110
T2 2020;1;12920
T1 2020;1;12920
T4 2019;1;13400
T3 2019;1;12660
T2 2019;1;12490
T1 2019;1;11970
T4 2018;1;12050
T3 2018;1;12780
T2 2018;1;12270
T1 2018;1;12050
T4 2017;1;11560
T3 2017;1;11380
T2 2017;1;11060
T1 2017;1;11410
T4 2016;1;10250
T3 2016;1;10860
T2 2016;1;10630
T1 2016;1;10390
T4 2015;1;11030
T3 2015;1;10500
T2 2015;1;9870
T1 2015;1;9910
T4 2014;1;10690
T3 2014;1;10060
T2 2014;1;10640
T1 2014;1;9820
T4 2013;1;10280
T3 2013;1;10130
T2 2013;1;9870
T1 2013;1;11130
T4 2012;1;10560
T3 2012;1;10860
T2 2012;1;10920
T1 2012;1;10700
T4 2011;1;10460
T3 2011;1;10860
T2 2011;1;10660
T1 2011;1;9930
T4 2010;1;9510
T3 2010;1;9300
T2 2010;1;8910
T1 2010;1;8540
T4 2009;1;8390
T3 2009;1;8030
T2 2009;1;7980
T1 2009;1;8560
T4 2008;1;7900
T3 2008;1;8860
T2 2008;1;8220
T1 2008;1;8790
T4 2007;1;8310
T3 2007;1;7950
T2 2007;1;7330
T1 2007;1;7090
T4 2006;1;6930
T3 2006;1;7180
T2 2006;1;6960
T1 2006;1;6700
T4 2005;1;6610
T3 2005;1;6170
T2 2005;1;6150
T1 2005;1;6030
T4 2004;1;6510
T3 2004;1;6090
T2 2004;1;5690
T1 2004;1;5610
T4 2003;1;5100
T3 2003;1;4700
T2 2003;1;4750
T1 2003;1;4860
T4 2002;1;5010
T3 2002;1;4710
T2 2002;1;4210
T1 2002;1;3720
T4 2001;1;3940
T3 2001;1;4150
T2 2001;1;3930
T1 2001;1;3780
T4 2000;1;3500
T3 2000;1;3690
T2 2000;1;3900
T1 2000;1;3580
T4 1999;1;3370
T3 1999;1;3140
T2 1999;1;3410
T1 1999;1;3030
T4 1998;1;2900
T3 1998;1;2780
T2 1998;1;2580
T1 1998;1;3010
T4 1997;1;2880
T3 1997;1;2690
T2 1997;1;3010
T1 1997;1;2880
T4 1996;1;2960
T3 1996;1;3220
T2 1996;1;2720
T1 1996;1;3080
T4 1995;1;3760
T4 2025;2;11180
T3 2025;2;11310
T2 2025;2;10870
T1 2025;2;11400
T4 2024;2;11580
T3 2024;2;11420
T2 2024;2;11720
T1 2024;2;11760
T4 2023;2;11830
T3 2023;2;11650
T2 2023;2;12140
T1 2023;2;11810
T4 2022;2;12100
T3 2022;2;12040
T2 2022;2;12340
T1 2022;2;11970
T4 2021;2;11830
T3 2021;2;12440
T2 2021;2;12210
T1 2021;2;12010
T4 2020;2;12620
T3 2020;2;12510
T2 2020;2;12620
T1 2020;2;11830
T4 2019;2;11760
T3 2019;2;11180
T2 2019;2;11860
T1 2019;2;11570
T4 2018;2;11050
T3 2018;2;11360
T2 2018;2;11250
T1 2018;2;11120
T4 2017;2;10890
T3 2017;2;10590
T2 2017;2;10080
T1 2017;2;9830
T4 2016;2;9630
T3 2016;2;9920
T2 2016;2;9230
T1 2016;2;9670
T4 2015;2;9290
T3 2015;2;9560
T2 2015;2;9610
T1 2015;2;9450
T4 2014;2;9380
T3 2014;2;9190
T2 2014;2;10000
T1 2014;2;9620
T4 2013;2;9460
T3 2013;2;9700
T2 2013;2;9570
T1 2013;2;9760
T4 2012;2;9800
T3 2012;2;9250
T2 2012;2;9760
T1 2012;2;9130
T4 2011;2;9600
T3 2011;2;9430
T2 2011;2;9240
T1 2011;2;8700
T4 2010;2;8290
T3 2010;2;8010
T2 2010;2;7150
T1 2010;2;7210
T4 2009;2;6780
T3 2009;2;7150
T2 2009;2;6910
T1 2009;2;7500
T4 2008;2;7450
T3 2008;2;7360
T2 2008;2;7410
T1 2008;2;7020
T4 2007;2;7120
T3 2007;2;6770
T2 2007;2;6600
T1 2007;2;6450
T4 2006;2;6620
T3 2006;2;6520
T2 2006;2;6130
T1 2006;2;6210
T4 2005;2;5740
T3 2005;2;5700
T2 2005;2;5560
T1 2005;2;5440
T4 2004;2;5240
T3 2004;2;4970
T2 2004;2;4720
T1 2004;2;4650
T4 2003;2;4610
T3 2003;2;4150
T2 2003;2;4320
T1 2003;2;4090
T4 2002;2;3840
T3 2002;2;3940
T2 2002;2;3390
T1 2002;2;3580
T4 2001;2;3440
T3 2001;2;3350
T2 2001;2;3200
T1 2001;2;3290
T4 2000;2;3020
T3 2000;2;3090
T2 2000;2;2790
T1 2000;2;2790
T4 1999;2;2580
T3 1999;2;2480
T2 1999;2;2650
T1 1999;2;2440
T4 1998;2;2490
T3 1998;2;2360
T2 1998;2;2360
T1 1998;2;2330
T4 1997;2;2280
T3 1997;2;2490
T2 1997;2;2160
T1 1997;2;2360
T4 1996;2;2320
T3 1996;2;2390
T2 1996;2;2440
T1 1996;2;2470
T4 1995;2;2220
T4 2025;3;12540
T3 2025;3;12340
T2 2025;3;12760
T1 2025;3;12280
T4 2024;3;12040
T3 2024;3;11720
T2 2024;3;11850
T1 2024;3;11980
T4 2023;3;12570
T3 2023;3;12610
T2 2023;3;12590
T1 2023;3;12750
T4 2022;3;13120
T3 2022;3;12860
T2 2022;3;12600
T1 2022;3;12630
T4 2021;3;12900
T3 2021;3;13150
T2 2021;3;12980
T1 2021;3;12730
T4 2020;3;12940
T3 2020;3;12990
T2 2020;3;13260
T1 2020;3;12870
T4 2019;3;12790
T3 2019;3;12700
T2 2019;3;12480
T1 2019;3;11820
T4 2018;3;12250
T3 2018;3;11300
T2 2018;3;11150
T1 2018;3;11020
T4 2017;3;11170
T3 2017;3;11020
T2 2017;3;10310
T1 2017;3;10490
T4 2016;3;10260
T3 2016;3;9740
T2 2016;3;9960
T1 2016;3;9610
T4 2015;3;9550
T3 2015;3;9820
T2 2015;3;9670
T1 2015;3;9690
T4 2014;3;9620
T3 2014;3;9850
T2 2014;3;9830
T1 2014;3;9960
T4 2013;3;9720
T3 2013;3;10220
T2 2013;3;10200
T1 2013;3;10340
T4 2012;3;10320
T3 2012;3;10540
T2 2012;3;10170
T1 2012;3;10040
T4 2011;3;10320
T3 2011;3;10030
T2 2011;3;9560
T1 2011;3;9590
T4 2010;3;8440
T3 2010;3;8480
T2 2010;3;8020
T1 2010;3;7620
T4 2009;3;7450
T3 2009;3;7490
T2 2009;3;6830
T1 2009;3;7620
T4 2008;3;7620
T3 2008;3;8140
T2 2008;3;7950
T1 2008;3;7850
T4 2007;3;7820
T3 2007;3;7590
T2 2007;3;7320
T1 2007;3;7420
T4 2006;3;6750
T3 2006;3;6900
T2 2006;3;6520
T1 2006;3;6220
T4 2005;3;6170
T3 2005;3;5980
T2 2005;3;5790
T1 2005;3;5750
T4 2004;3;5380
T3 2004;3;5340
T2 2004;3;4960
T1 2004;3;4830
T4 2003;3;4810
T3 2003;3;4550
T2 2003;3;4250
T1 2003;3;3830
T4 2002;3;3970
T3 2002;3;3950
T2 2002;3;3730
T1 2002;3;3650
T4 2001;3;3610
T3 2001;3;3560
T2 2001;3;3600
T1 2001;3;3460
T4 2000;3;3290
T3 2000;3;3430
T2 2000;3;3340
T1 2000;3;3100
T4 1999;3;3040
T3 1999;3;2840
T2 1999;3;2680
T1 1999;3;2690
T4 1998;3;2520
T3 1998;3;2530
T2 1998;3;2620
T1 1998;3;2490
T4 1997;3;2510
T3 1997;3;2600
T2 1997;3;2640
T1 1997;3;2480
T4 1996;3;2510
T3 1996;3;2570
T2 1996;3;2430
T1 1996;3;2630
T4 1995;3;2670
T4 2025;4;13020
T3 2025;4;12750
T2 2025;4;12680
T1 2025;4;13030
T4 2024;4;12390
T3 2024;4;12290
T2 2024;4;12640
T1 2024;4;13380
T4 2023;4;13080
T3 2023;4;13060
T2 2023;4;13220
T1 2023;4;13920
T4 2022;4;13110
T3 2022;4;13640
T2 2022;4;13210
T1 2022;4;13300
T4 2021;4;12720
T3 2021;4;13710
T2 2021;4;13910
T1 2021;4;13790
T4 2020;4;13710
T3 2020;4;13710
T2 2020;4;13670
T1 2020;4;13060
T4 2019;4;13670
T3 2019;4;13130
T2 2019;4;12990
T1 2019;4;13060
T4 2018;4;13360
T3 2018;4;12750
T2 2018;4;12340
T1 2018;4;11860
T4 2017;4;11540
T3 2017;4;11840
T2 2017;4;11990
T1 2017;4;11630
T4 2016;4;11310
T3 2016;4;11550
T2 2016;4;11300
T1 2016;4;11330
T4 2015;4;11130
T3 2015;4;11520
T2 2015;4;10830
T1 2015;4;10280
T4 2014;4;10730
T3 2014;4;11250
T2 2014;4;11220
T1 2014;4;11070
T4 2013;4;11350
T3 2013;4;11000
T2 2013;4;11620
T1 2013;4;10670
T4 2012;4;11060
T3 2012;4;10980
T2 2012;4;10830
T1 2012;4;11070
T4 2011;4;10280
T3 2011;4;10980
T2 2011;4;11160
T1 2011;4;10220
T4 2010;4;9200
T3 2010;4;9510
T2 2010;4;8490
T1 2010;4;8760
T4 2009;4;8510
T3 2009;4;8350
T2 2009;4;8120
T1 2009;4;8520
T4 2008;4;8900
T3 2008;4;8620
T2 2008;4;8890
T1 2008;4;8290
T4 2007;4;8420
T3 2007;4;8180
T2 2007;4;7750
T1 2007;4;7590
T4 2006;4;7530
T3 2006;4;7760
T2 2006;4;7180
T1 2006;4;7300
T4 2005;4;6890
T3 2005;4;7120
T2 2005;4;6380
T1 2005;4;6370
T4 2004;4;6560
T3 2004;4;5660
T2 2004;4;5880
T1 2004;4;5740
T4 2003;4;5550
T3 2003;4;5320
T2 2003;4;5080
T1 2003;4;5140
T4 2002;4;4950
T3 2002;4;4940
T2 2002;4;4470
T1 2002;4;4660
T4 2001;4;4320
T3 2001;4;4480
T2 2001;4;4010
T1 2001;4;4420
T4 2000;4;4110
T3 2000;4;4290
T2 2000;4;4080
T1 2000;4;4020
T4 1999;4;3560
T3 1999;4;3620
T2 1999;4;3440
T1 1999;4;3350
T4 1998;4;3440
T3 1998;4;3190
T2 1998;4;3050
T1 1998;4;3120
T4 1997;4;3130
T3 1997;4;3030
T2 1997;4;3070
T1 1997;4;2970
T4 1996;4;2960
T3 1996;4;3070
T2 1996;4;3150
T1 1996;4;3030
T4 1995;4;3170
T4 2025;5;11620
T3 2025;5;11410
T2 2025;5;11350
T1 2025;5;11180
T4 2024;5;11070
T3 2024;5;11690
T2 2024;5;11650
T1 2024;5;11670
T4 2023;5;12000
T3 2023;5;12340
T2 2023;5;12550
T1 2023;5;12610
T4 2022;5;12710
T3 2022;5;12630
T2 2022;5;12920
T1 2022;5;12870
T4 2021;5;12650
T3 2021;5;12860
T2 2021;5;13070
T1 2021;5;12260
T4 2020;5;13480
T3 2020;5;12850
T2 2020;5;12800
T1 2020;5;12760
T4 2019;5;12590
T3 2019;5;12290
T2 2019;5;12220
T1 2019;5;11730
T4 2018;5;11600
T3 2018;5;11800
T2 2018;5;11290
T1 2018;5;11420
T4 2017;5;11100
T3 2017;5;11210
T2 2017;5;11010
T1 2017;5;11040
T4 2016;5;10720
T3 2016;5;10510
T2 2016;5;10390
T1 2016;5;9910
T4 2015;5;10300
T3 2015;5;9940
T2 2015;5;9850
T1 2015;5;9780
T4 2014;5;10540
T3 2014;5;9970
T2 2014;5;10110
T1 2014;5;9990
T4 2013;5;10050
T3 2013;5;10250
T2 2013;5;10210
T1 2013;5;10450
T4 2012;5;10370
T3 2012;5;10460
T2 2012;5;10610
T1 2012;5;10310
T4 2011;5;10180
T3 2011;5;10620
T2 2011;5;10240
T1 2011;5;9660
T4 2010;5;9230
T3 2010;5;9040
T2 2010;5;8380
T1 2010;5;8020
T4 2009;5;7850
T3 2009;5;7830
T2 2009;5;7950
T1 2009;5;7640
T4 2008;5;8340
T3 2008;5;8460
T2 2008;5;8190
T1 2008;5;7970
T4 2007;5;7720
T3 2007;5;7970
T2 2007;5;7570
T1 2007;5;7490
T4 2006;5;7040
T3 2006;5;7360
T2 2006;5;7030
T1 2006;5;6810
T4 2005;5;6850
T3 2005;5;6510
T2 2005;5;6170
T1 2005;5;6190
T4 2004;5;6220
T3 2004;5;6080
T2 2004;5;5800
T1 2004;5;5790
T4 2003;5;5450
T3 2003;5;5240
T2 2003;5;5220
T1 2003;5;5030
T4 2002;5;4750
T3 2002;5;4680
T2 2002;5;4560
T1 2002;5;4340
T4 2001;5;4470
T3 2001;5;4310
T2 2001;5;4210
T1 2001;5;4170
T4 2000;5;4090
T3 2000;5;3940
T2 2000;5;3850
T1 2000;5;3790
T4 1999;5;3580
T3 1999;5;3530
T2 1999;5;3340
T1 1999;5;3210
T4 1998;5;3270
T3 1998;5;3140
T2 1998;5;3060
T1 1998;5;3120
T4 1997;5;3140
T3 1997;5;3070
T2 1997;5;3030
T1 1997;5;3080
T4 1996;5;3060
T3 1996;5;3260
T2 1996;5;3090
T1 1996;5;3130
T4 1995;5;3240
T4 2025;6;13400
T3 2025;6;14010
T2 2025;6;13310
T1 2025;6;13270
T4 2024;6;13460
T3 2024;6;13600
T2 2024;6;13910
T1 2024;6;13550
T4 2023;6;13840
T3 2023;6;14060
T2 2023;6;14010
T1 2023;6;14580
T4 2022;6;14350
T3 2022;6;14410
T2 2022;6;14460
T1 2022;6;14110
T4 2021;6;13960
T3 2021;6;14020
T2 2021;6;13430
T1 2021;6;13820
T4 2020;6;13810
T3 2020;6;13780
T2 2020;6;13550
T1 2020;6;13750
T4 2019;6;13150
T3 2019;6;13400
T2 2019;6;13250
T1 2019;6;13060
T4 2018;6;12770
T3 2018;6;13000
T2 2018;6;12640
T1 2018;6;12600
T4 2017;6;12360
T3 2017;6;12020
T2 2017;6;12090
T1 2017;6;11730
T4 2016;6;11240
T3 2016;6;11250
T2 2016;6;11330
T1 2016;6;11370
T4 2015;6;11160
T3 2015;6;11560
T2 2015;6;12020
T1 2015;6;11430
T4 2014;6;11020
T3 2014;6;11810
T2 2014;6;11530
T1 2014;6;11780
T4 2013;6;12190
T3 2013;6;11740
T2 2013;6;12080
T1 2013;6;12030
T4 2012;6;12770
T3 2012;6;12450
T2 2012;6;12510
T1 2012;6;11930
T4 2011;6;12490
T3 2011;6;12220
T2 2011;6;11940
T1 2011;6;11500
T4 2010;6;10880
T3 2010;6;10330
T2 2010;6;9880
T1 2010;6;9480
T4 2009;6;8980
T3 2009;6;9430
T2 2009;6;9220
T1 2009;6;9950
T4 2008;6;9670
T3 2008;6;10160
T2 2008;6;9770
T1 2008;6;9820
T4 2007;6;9460
T3 2007;6;9160
T2 2007;6;8350
T1 2007;6;8820
T4 2006;6;8440
T3 2006;6;8200
T2 2006;6;7880
T1 2006;6;7780
T4 2005;6;7310
T3 2005;6;7560
T2 2005;6;7340
T1 2005;6;6830
T4 2004;6;6660
T3 2004;6;6750
T2 2004;6;6580
T1 2004;6;6460
T4 2003;6;6110
T3 2003;6;6070
T2 2003;6;6000
T1 2003;6;6150
T4 2002;6;5860
T3 2002;6;5580
T2 2002;6;5430
T1 2002;6;5210
T4 2001;6;5400
T3 2001;6;5220
T2 2001;6;5110
T1 2001;6;5180
T4 2000;6;5050
T3 2000;6;4870
T2 2000;6;4610
T1 2000;6;4440
T4 1999;6;4490
T3 1999;6;4350
T2 1999;6;3840
T1 1999;6;4260
T4 1998;6;3680
T3 1998;6;3770
T2 1998;6;3650
T1 1998;6;3600
T4 1997;6;3570
T3 1997;6;3270
T2 1997;6;3760
T1 1997;6;3490
T4 1996;6;3370
T3 1996;6;3480
T2 1996;6;3430
T1 1996;6;3610
T4 1995;6;3860
T4 2025;7;12940
T3 2025;7;13180
T2 2025;7;12830
T1 2025;7;12550
T4 2024;7;12420
T3 2024;7;13480
T2 2024;7;13200
T1 2024;7;13250
T4 2023;7;13190
T3 2023;7;13550
T2 2023;7;13620
T1 2023;7;13740
T4 2022;7;13800
T3 2022;7;14160
T2 2022;7;14080
T1 2022;7;13330
T4 2021;7;13290
T3 2021;7;13850
T2 2021;7;13340
T1 2021;7;13050
T4 2020;7;13010
T3 2020;7;13500
T2 2020;7;13490
T1 2020;7;12920
T4 2019;7;12980
T3 2019;7;12930
T2 2019;7;12540
T1 2019;7;12540
T4 2018;7;12280
T3 2018;7;12350
T2 2018;7;12310
T1 2018;7;11810
T4 2017;7;11530
T3 2017;7;11980
T2 2017;7;11690
T1 2017;7;10720
T4 2016;7;11130
T3 2016;7;11060
T2 2016;7;11230
T1 2016;7;11070
T4 2015;7;10860
T3 2015;7;10810
T2 2015;7;10960
T1 2015;7;10350
T4 2014;7;11010
T3 2014;7;11060
T2 2014;7;11070
T1 2014;7;11060
T4 2013;7;11430
T3 2013;7;11100
T2 2013;7;11240
T1 2013;7;10980
T4 2012;7;11360
T3 2012;7;11480
T2 2012;7;11920
T1 2012;7;11980
T4 2011;7;11810
T3 2011;7;11900
T2 2011;7;11630
T1 2011;7;11370
T4 2010;7;10410
T3 2010;7;9630
T2 2010;7;9440
T1 2010;7;9170
T4 2009;7;8790
T3 2009;7;8860
T2 2009;7;8660
T1 2009;7;9210
T4 2008;7;9370
T3 2008;7;9460
T2 2008;7;9340
T1 2008;7;9280
T4 2007;7;9000
T3 2007;7;8710
T2 2007;7;8720
T1 2007;7;8190
T4 2006;7;7890
T3 2006;7;7640
T2 2006;7;7660
T1 2006;7;7390
T4 2005;7;7160
T3 2005;7;7110
T2 2005;7;6860
T1 2005;7;6450
T4 2004;7;6330
T3 2004;7;6270
T2 2004;7;6370
T1 2004;7;6010
T4 2003;7;5770
T3 2003;7;5780
T2 2003;7;5430
T1 2003;7;5690
T4 2002;7;5380
T3 2002;7;5020
T2 2002;7;5210
T1 2002;7;4870
T4 2001;7;4940
T3 2001;7;5090
T2 2001;7;4760
T1 2001;7;4860
T4 2000;7;4720
T3 2000;7;4650
T2 2000;7;4660
T1 2000;7;4230
T4 1999;7;4190
T3 1999;7;4080
T2 1999;7;3920
T1 1999;7;3940
T4 1998;7;3700
T3 1998;7;3630
T2 1998;7;3640
T1 1998;7;3240
T4 1997;7;3300
T3 1997;7;3220
T2 1997;7;3330
T1 1997;7;3360
T4 1996;7;3250
T3 1996;7;3330
T2 1996;7;3370
T1 1996;7;3340
T4 1995;7;3830
T4 2025;8;11500
T3 2025;8;12190
T2 2025;8;11710
T1 2025;8;11690
T4 2024;8;11760
T3 2024;8;11000
T2 2024;8;11230
T1 2024;8;11240
T4 2023;8;11230
T3 2023;8;11580
T2 2023;8;11890
T1 2023;8;11460
T4 2022;8;11550
T3 2022;8;11820
T2 2022;8;12040
T1 2022;8;11640
T4 2021;8;11920
T3 2021;8;11250
T2 2021;8;11550
T1 2021;8;11490
T4 2020;8;11620
T3 2020;8;11270
T2 2020;8;11480
T1 2020;8;11220
T4 2019;8;10830
T3 2019;8;10950
T2 2019;8;10820
T1 2019;8;10710
T4 2018;8;10500
T3 2018;8;10590
T2 2018;8;9900
T1 2018;8;10000
T4 2017;8;9900
T3 2017;8;10000
T2 2017;8;9910
T1 2017;8;9900
T4 2016;8;9210
T3 2016;8;9270
T2 2016;8;9280
T1 2016;8;8980
T4 2015;8;9060
T3 2015;8;9130
T2 2015;8;9530
T1 2015;8;9060
T4 2014;8;9170
T3 2014;8;9330
T2 2014;8;9320
T1 2014;8;10090
T4 2013;8;9600
T3 2013;8;9400
T2 2013;8;9290
T1 2013;8;9930
T4 2012;8;9640
T3 2012;8;9880
T2 2012;8;9880
T1 2012;8;10020
T4 2011;8;10120
T3 2011;8;10100
T2 2011;8;9280
T1 2011;8;9310
T4 2010;8;8890
T3 2010;8;8080
T2 2010;8;7990
T1 2010;8;8080
T4 2009;8;8150
T3 2009;8;7450
T2 2009;8;7300
T1 2009;8;7430
T4 2008;8;7910
T3 2008;8;8560
T2 2008;8;7740
T1 2008;8;7900
T4 2007;8;8080
T3 2007;8;7460
T2 2007;8;7030
T1 2007;8;7510
T4 2006;8;6920
T3 2006;8;6500
T2 2006;8;6080
T1 2006;8;6260
T4 2005;8;5920
T3 2005;8;5940
T2 2005;8;5730
T1 2005;8;5600
T4 2004;8;5530
T3 2004;8;5090
T2 2004;8;5360
T1 2004;8;5160
T4 2003;8;5110
T3 2003;8;5080
T2 2003;8;4900
T1 2003;8;4890
T4 2002;8;4670
T3 2002;8;4450
T2 2002;8;4740
T1 2002;8;4440
T4 2001;8;4270
T3 2001;8;4330
T2 2001;8;4210
T1 2001;8;4000
T4 2000;8;3910
T3 2000;8;3710
T2 2000;8;3630
T1 2000;8;3480
T4 1999;8;3380
T3 1999;8;3290
T2 1999;8;3030
T1 1999;8;3100
T4 1998;8;3040
T3 1998;8;2790
T2 1998;8;2770
T1 1998;8;2710
T4 1997;8;2810
T3 1997;8;3350
T2 1997;8;3160
T1 1997;8;3160
T4 1996;8;3230
T3 1996;8;3410
T2 1996;8;3150
T1 1996;8;3560
T4 1995;8;3520
T4 2025;9;10280
T3 2025;9;10340
T2 2025;9;10110
T1 2025;9;9960
T4 2024;9;9650
T3 2024;9;10190
T2 2024;9;10150
T1 2024;9;9750
T4 2023;9;10120
T3 2023;9;10460
T2 2023;9;10600
T1 2023;9;10850
T4 2022;9;10960
T3 2022;9;10940
T2 2022;9;10880
T1 2022;9;10870
T4 2021;9;10780
T3 2021;9;11190
T2 2021;9;10880
T1 2021;9;10980
T4 2020;9;11260
T3 2020;9;10960
T2 2020;9;10800
T1 2020;9;10780
T4 2019;9;10790
T3 2019;9;10680
T2 2019;9;10280
T1 2019;9;9910
T4 2018;9;9710
T3 2018;9;10150
T2 2018;9;10020
T1 2018;9;9580
T4 2017;9;9560
T3 2017;9;9450
T2 2017;9;9260
T1 2017;9;8910
T4 2016;9;8600
T3 2016;9;8750
T2 2016;9;8430
T1 2016;9;8270
T4 2015;9;8300
T3 2015;9;8500
T2 2015;9;8230
T1 2015;9;8340
T4 2014;9;8450
T3 2014;9;8370
T2 2014;9;8640
T1 2014;9;8260
T4 2013;9;8290
T3 2013;9;8650
T2 2013;9;8410
T1 2013;9;8390
T4 2012;9;8300
T3 2012;9;8680
T2 2012;9;8460
T1 2012;9;8420
T4 2011;9;8750
T3 2011;9;8630
T2 2011;9;8230
T1 2011;9;7670
T4 2010;9;7430
T3 2010;9;6920
T2 2010;9;6640
T1 2010;9;6410
T4 2009;9;6110
T3 2009;9;6100
T2 2009;9;6120
T1 2009;9;6400
T4 2008;9;6480
T3 2008;9;6440
T2 2008;9;6390
T1 2008;9;6320
T4 2007;9;6190
T3 2007;9;6040
T2 2007;9;5930
T1 2007;9;5710
T4 2006;9;5550
T3 2006;9;5630
T2 2006;9;5300
T1 2006;9;5170
T4 2005;9;5110
T3 2005;9;4980
T2 2005;9;4770
T1 2005;9;4620
T4 2004;9;4330
T3 2004;9;4400
T2 2004;9;4170
T1 2004;9;3920
T4 2003;9;3760
T3 2003;9;3820
T2 2003;9;3670
T1 2003;9;3610
T4 2002;9;3460
T3 2002;9;3440
T2 2002;9;3280
T1 2002;9;3230
T4 2001;9;3170
T3 2001;9;3220
T2 2001;9;3130
T1 2001;9;3040
T4 2000;9;2880
T3 2000;9;2900
T2 2000;9;2700
T1 2000;9;2520
T4 1999;9;2620
T3 1999;9;2450
T2 1999;9;2400
T1 1999;9;2290
T4 1998;9;2280
T3 1998;9;2210
T2 1998;9;2190
T1 1998;9;2160
T4 1997;9;2120
T3 1997;9;2120
T2 1997;9;2060
T1 1997;9;1950
T4 1996;9;2160
T3 1996;9;2120
T2 1996;9;2210
T1 1996;9;2240
T4 1995;9;2200
T4 2025;10;8900
T3 2025;10;9040
T2 2025;10;8870
T1 2025;10;9050
T4 2024;10;8780
T3 2024;10;9020
T2 2024;10;8820
T1 2024;10;9170
T4 2023;10;9330
T3 2023;10;9550
T2 2023;10;9640
T1 2023;10;9760
T4 2022;10;9900
T3 2022;10;10120
T2 2022;10;10260
T1 2022;10;10080
T4 2021;10;10140
T3 2021;10;10300
T2 2021;10;10100
T1 2021;10;10210
T4 2020;10;10370
T3 2020;10;10330
T2 2020;10;10230
T1 2020;10;10080
T4 2019;10;9700
T3 2019;10;9580
T2 2019;10;9490
T1 2019;10;9320
T4 2018;10;9050
T3 2018;10;8860
T2 2018;10;8840
T1 2018;10;8460
T4 2017;10;8510
T3 2017;10;8430
T2 2017;10;8150
T1 2017;10;7990
T4 2016;10;7800
T3 2016;10;7740
T2 2016;10;7380
T1 2016;10;7540
T4 2015;10;7450
T3 2015;10;7310
T2 2015;10;7380
T1 2015;10;7400
T4 2014;10;7200
T3 2014;10;7370
T2 2014;10;7370
T1 2014;10;7670
T4 2013;10;7460
T3 2013;10;7430
T2 2013;10;7420
T1 2013;10;7300
T4 2012;10;7640
T3 2012;10;7500
T2 2012;10;7500
T1 2012;10;7150
T4 2011;10;7140
T3 2011;10;7400
T2 2011;10;7300
T1 2011;10;6810
T4 2010;10;6290
T3 2010;10;6220
T2 2010;10;5800
T1 2010;10;5740
T4 2009;10;5340
T3 2009;10;5370
T2 2009;10;5240
T1 2009;10;5500
T4 2008;10;5700
T3 2008;10;5760
T2 2008;10;5720
T1 2008;10;5560
T4 2007;10;5440
T3 2007;10;5400
T2 2007;10;5210
T1 2007;10;5090
T4 2006;10;5000
T3 2006;10;4940
T2 2006;10;4740
T1 2006;10;4650
T4 2005;10;4580
T3 2005;10;4440
T2 2005;10;4160
T1 2005;10;4110
T4 2004;10;3860
T3 2004;10;3680
T2 2004;10;3560
T1 2004;10;3290
T4 2003;10;3260
T3 2003;10;3320
T2 2003;10;3070
T1 2003;10;3080
T4 2002;10;2960
T3 2002;10;2760
T2 2002;10;2680
T1 2002;10;2550
T4 2001;10;2540
T3 2001;10;2550
T2 2001;10;2390
T1 2001;10;2300
T4 2000;10;2240
T3 2000;10;2310
T2 2000;10;2180
T1 2000;10;2190
T4 1999;10;2010
T3 1999;10;2030
T2 1999;10;1840
T1 1999;10;1890
T4 1998;10;1800
T3 1998;10;1760
T2 1998;10;1780
T1 1998;10;1700
T4 1997;10;1830
T3 1997;10;1680
T2 1997;10;1640
T1 1997;10;1650
T4 1996;10;1670
T3 1996;10;1750
T2 1996;10;1690
T1 1996;10;1780
T4 1995;10;1800
T4 2025;11;9640
T3 2025;11;9560
T2 2025;11;9290
T1 2025;11;9360
T4 2024;11;9220
T3 2024;11;9470
T2 2024;11;9470
T1 2024;11;9420
T4 2023;11;9740
T3 2023;11;9970
T2 2023;11;10010
T1 2023;11;10200
T4 2022;11;10300
T3 2022;11;10690
T2 2022;11;10490
T1 2022;11;10460
T4 2021;11;10450
T3 2021;11;10620
T2 2021;11;10540
T1 2021;11;10600
T4 2020;11;10760
T3 2020;11;10820
T2 2020;11;10510
T1 2020;11;10220
T4 2019;11;10100
T3 2019;11;10040
T2 2019;11;9850
T1 2019;11;9600
T4 2018;11;9360
T3 2018;11;9590
T2 2018;11;9210
T1 2018;11;9020
T4 2017;11;9000
T3 2017;11;8940
T2 2017;11;8680
T1 2017;11;8320
T4 2016;11;8270
T3 2016;11;8110
T2 2016;11;8010
T1 2016;11;7870
T4 2015;11;7840
T3 2015;11;7940
T2 2015;11;7770
T1 2015;11;7810
T4 2014;11;7800
T3 2014;11;7910
T2 2014;11;8000
T1 2014;11;7970
T4 2013;11;7960
T3 2013;11;7940
T2 2013;11;7990
T1 2013;11;7940
T4 2012;11;8120
T3 2012;11;8090
T2 2012;11;8090
T1 2012;11;8010
T4 2011;11;7950
T3 2011;11;7930
T2 2011;11;7730
T1 2011;11;7460
T4 2010;11;7050
T3 2010;11;6690
T2 2010;11;6410
T1 2010;11;6060
T4 2009;11;5910
T3 2009;11;5950
T2 2009;11;5700
T1 2009;11;5930
T4 2008;11;6090
T3 2008;11;6230
T2 2008;11;6200
T1 2008;11;6020
T4 2007;11;5960
T3 2007;11;5860
T2 2007;11;5600
T1 2007;11;5530
T4 2006;11;5400
T3 2006;11;5390
T2 2006;11;5240
T1 2006;11;5120
T4 2005;11;5010
T3 2005;11;4960
T2 2005;11;4690
T1 2005;11;4480
T4 2004;11;4280
T3 2004;11;4220
T2 2004;11;4020
T1 2004;11;3810
T4 2003;11;3760
T3 2003;11;3530
T2 2003;11;3470
T1 2003;11;3240
T4 2002;11;3250
T3 2002;11;3200
T2 2002;11;2990
T1 2002;11;2900
T4 2001;11;2900
T3 2001;11;2880
T2 2001;11;2740
T1 2001;11;2730
T4 2000;11;2600
T3 2000;11;2710
T2 2000;11;2570
T1 2000;11;2460
T4 1999;11;2330
T3 1999;11;2290
T2 1999;11;2200
T1 1999;11;2100
T4 1998;11;2080
T3 1998;11;2060
T2 1998;11;2010
T1 1998;11;1940
T4 1997;11;1980
T3 1997;11;2010
T2 1997;11;1980
T1 1997;11;1970
T4 1996;11;2040
T3 1996;11;2060
T2 1996;11;2080
T1 1996;11;2110
T4 1995;11;2200
T4 2025;12;8700
T3 2025;12;8700
T2 2025;12;8500
T1 2025;12;8480
T4 2024;12;8410
T3 2024;12;8350
T2 2024;12;8370
T1 2024;12;8490
T4 2023;12;8670
T3 2023;12;9050
T2 2023;12;9040
T1 2023;12;9350
T4 2022;12;9500
T3 2022;12;9600
T2 2022;12;9590
T1 2022;12;9630
T4 2021;12;9730
T3 2021;12;9900
T2 2021;12;9790
T1 2021;12;9650
T4 2020;12;9760
T3 2020;12;9890
T2 2020;12;9810
T1 2020;12;9580
T4 2019;12;9320
T3 2019;12;9170
T2 2019;12;8820
T1 2019;12;8630
T4 2018;12;8660
T3 2018;12;8710
T2 2018;12;8650
T1 2018;12;8330
T4 2017;12;8330
T3 2017;12;8370
T2 2017;12;8080
T1 2017;12;7930
T4 2016;12;7780
T3 2016;12;7740
T2 2016;12;7500
T1 2016;12;7450
T4 2015;12;7470
T3 2015;12;7680
T2 2015;12;7430
T1 2015;12;7540
T4 2014;12;7460
T3 2014;12;7750
T2 2014;12;7770
T1 2014;12;7690
T4 2013;12;7700
T3 2013;12;7810
T2 2013;12;7830
T1 2013;12;7860
T4 2012;12;7860
T3 2012;12;7820
T2 2012;12;7690
T1 2012;12;7750
T4 2011;12;7720
T3 2011;12;7830
T2 2011;12;7610
T1 2011;12;7210
T4 2010;12;6770
T3 2010;12;6540
T2 2010;12;6120
T1 2010;12;6040
T4 2009;12;5750
T3 2009;12;5790
T2 2009;12;5750
T1 2009;12;5840
T4 2008;12;5930
T3 2008;12;6200
T2 2008;12;6090
T1 2008;12;5860
T4 2007;12;6010
T3 2007;12;5790
T2 2007;12;5710
T1 2007;12;5580
T4 2006;12;5490
T3 2006;12;5380
T2 2006;12;5230
T1 2006;12;5090
T4 2005;12;4930
T3 2005;12;4860
T2 2005;12;4640
T1 2005;12;4510
T4 2004;12;4350
T3 2004;12;4270
T2 2004;12;4030
T1 2004;12;4000
T4 2003;12;3770
T3 2003;12;3660
T2 2003;12;3600
T1 2003;12;3400
T4 2002;12;3390
T3 2002;12;3190
T2 2002;12;3180
T1 2002;12;3000
T4 2001;12;2950
T3 2001;12;3020
T2 2001;12;2890
T1 2001;12;2810
T4 2000;12;2740
T3 2000;12;2630
T2 2000;12;2640
T1 2000;12;2530
T4 1999;12;2400
T3 1999;12;2410
T2 1999;12;2210
T1 1999;12;2270
T4 1998;12;2190
T3 1998;12;2200
T2 1998;12;2150
T1 1998;12;2100
T4 1997;12;2080
T3 1997;12;2060
T2 1997;12;2060
T1 1997;12;2040
T4 1996;12;2110
T3 1996;12;2130
T2 1996;12;2210
T1 1996;12;2160
T4 1995;12;2240
T4 2025;13;8510
T3 2025;13;8720
T2 2025;13;8500
T1 2025;13;8350
T4 2024;13;8530
T3 2024;13;8330
T2 2024;13;8250
T1 2024;13;8300
T4 2023;13;8340
T3 2023;13;8750
T2 2023;13;8730
T1 2023;13;8990
T4 2022;13;9490
T3 2022;13;9370
T2 2022;13;9260
T1 2022;13;9180
T4 2021;13;9190
T3 2021;13;9560
T2 2021;13;9320
T1 2021;13;9470
T4 2020;13;9620
T3 2020;13;9560
T2 2020;13;9320
T1 2020;13;9230
T4 2019;13;9110
T3 2019;13;9070
T2 2019;13;8540
T1 2019;13;8590
T4 2018;13;8510
T3 2018;13;8610
T2 2018;13;8330
T1 2018;13;8250
T4 2017;13;8250
T3 2017;13;8280
T2 2017;13;8090
T1 2017;13;7770
T4 2016;13;7920
T3 2016;13;7610
T2 2016;13;7450
T1 2016;13;7560
T4 2015;13;7470
T3 2015;13;7390
T2 2015;13;7260
T1 2015;13;7290
T4 2014;13;7580
T3 2014;13;7730
T2 2014;13;7630
T1 2014;13;7690
T4 2013;13;7600
T3 2013;13;7870
T2 2013;13;7700
T1 2013;13;7840
T4 2012;13;7740
T3 2012;13;7850
T2 2012;13;7950
T1 2012;13;7640
T4 2011;13;7720
T3 2011;13;7680
T2 2011;13;7580
T1 2011;13;7120
T4 2010;13;6810
T3 2010;13;6650
T2 2010;13;6250
T1 2010;13;6010
T4 2009;13;5720
T3 2009;13;5840
T2 2009;13;5710
T1 2009;13;5880
T4 2008;13;6120
T3 2008;13;6140
T2 2008;13;6080
T1 2008;13;5940
T4 2007;13;5940
T3 2007;13;5980
T2 2007;13;5730
T1 2007;13;5520
T4 2006;13;5450
T3 2006;13;5500
T2 2006;13;5350
T1 2006;13;5240
T4 2005;13;5090
T3 2005;13;4990
T2 2005;13;4740
T1 2005;13;4650
T4 2004;13;4490
T3 2004;13;4410
T2 2004;13;4130
T1 2004;13;3970
T4 2003;13;4050
T3 2003;13;3880
T2 2003;13;3700
T1 2003;13;3480
T4 2002;13;3390
T3 2002;13;3380
T2 2002;13;3140
T1 2002;13;3100
T4 2001;13;3090
T3 2001;13;3090
T2 2001;13;2890
T1 2001;13;2900
T4 2000;13;2770
T3 2000;13;2780
T2 2000;13;2660
T1 2000;13;2560
T4 1999;13;2460
T3 1999;13;2440
T2 1999;13;2340
T1 1999;13;2270
T4 1998;13;2210
T3 1998;13;2260
T2 1998;13;2230
T1 1998;13;2130
T4 1997;13;2240
T3 1997;13;2190
T2 1997;13;2200
T1 1997;13;2170
T4 1996;13;2360
T3 1996;13;2330
T2 1996;13;2330
T1 1996;13;2430
T4 1995;13;2360
T4 2025;14;9350
T3 2025;14;9240
T2 2025;14;9060
T1 2025;14;8850
T4 2024;14;8840
T3 2024;14;8790
T2 2024;14;8820
T1 2024;14;8870
T4 2023;14;9140
T3 2023;14;9240
T2 2023;14;9240
T1 2023;14;9640
T4 2022;14;9670
T3 2022;14;9910
T2 2022;14;10010
T1 2022;14;10090
T4 2021;14;10020
T3 2021;14;10300
T2 2021;14;10210
T1 2021;14;10150
T4 2020;14;10290
T3 2020;14;10380
T2 2020;14;10260
T1 2020;14;10030
T4 2019;14;9840
T3 2019;14;9770
T2 2019;14;9690
T1 2019;14;9220
T4 2018;14;9140
T3 2018;14;9350
T2 2018;14;9440
T1 2018;14;8970
T4 2017;14;9080
T3 2017;14;8710
T2 2017;14;8880
T1 2017;14;8550
T4 2016;14;8450
T3 2016;14;8320
T2 2016;14;8460
T1 2016;14;8300
T4 2015;14;8270
T3 2015;14;8370
T2 2015;14;8150
T1 2015;14;8170
T4 2014;14;8250
T3 2014;14;8510
T2 2014;14;8180
T1 2014;14;8350
T4 2013;14;8330
T3 2013;14;8580
T2 2013;14;8380
T1 2013;14;8710
T4 2012;14;8570
T3 2012;14;8590
T2 2012;14;8490
T1 2012;14;8560
T4 2011;14;8630
T3 2011;14;8560
T2 2011;14;8280
T1 2011;14;7990
T4 2010;14;7690
T3 2010;14;7180
T2 2010;14;6910
T1 2010;14;6520
T4 2009;14;6530
T3 2009;14;6470
T2 2009;14;6340
T1 2009;14;6570
T4 2008;14;6750
T3 2008;14;6980
T2 2008;14;6810
T1 2008;14;6690
T4 2007;14;6420
T3 2007;14;6440
T2 2007;14;6200
T1 2007;14;6090
T4 2006;14;6030
T3 2006;14;6050
T2 2006;14;5880
T1 2006;14;5710
T4 2005;14;5610
T3 2005;14;5530
T2 2005;14;5350
T1 2005;14;5110
T4 2004;14;4830
T3 2004;14;4880
T2 2004;14;4660
T1 2004;14;4560
T4 2003;14;4320
T3 2003;14;4160
T2 2003;14;4170
T1 2003;14;3930
T4 2002;14;3850
T3 2002;14;3790
T2 2002;14;3600
T1 2002;14;3540
T4 2001;14;3470
T3 2001;14;3410
T2 2001;14;3440
T1 2001;14;3230
T4 2000;14;3200
T3 2000;14;3230
T2 2000;14;3250
T1 2000;14;3040
T4 1999;14;2930
T3 1999;14;2950
T2 1999;14;2760
T1 1999;14;2650
T4 1998;14;2590
T3 1998;14;2680
T2 1998;14;2540
T1 1998;14;2600
T4 1997;14;2590
T3 1997;14;2550
T2 1997;14;2450
T1 1997;14;2440
T4 1996;14;2600
T3 1996;14;2590
T2 1996;14;2670
T1 1996;14;2520
T4 1995;14;2590
T4 2025;15;8860
T3 2025;15;8960
T2 2025;15;8880
T1 2025;15;8720
T4 2024;15;8900
T3 2024;15;8780
T2 2024;15;8710
T1 2024;15;8910
T4 2023;15;9170
T3 2023;15;9390
T2 2023;15;9330
T1 2023;15;9500
T4 2022;15;9840
T3 2022;15;9930
T2 2022;15;9840
T1 2022;15;9910
T4 2021;15;10070
T3 2021;15;10110
T2 2021;15;10100
T1 2021;15;9980
T4 2020;15;10150
T3 2020;15;10270
T2 2020;15;10130
T1 2020;15;9880
T4 2019;15;9580
T3 2019;15;9620
T2 2019;15;9390
T1 2019;15;9180
T4 2018;15;9110
T3 2018;15;9360
T2 2018;15;9180
T1 2018;15;8990
T4 2017;15;9170
T3 2017;15;9040
T2 2017;15;8710
T1 2017;15;8500
T4 2016;15;8410
T3 2016;15;8450
T2 2016;15;8260
T1 2016;15;8170
T4 2015;15;8130
T3 2015;15;8270
T2 2015;15;8020
T1 2015;15;8230
T4 2014;15;8300
T3 2014;15;8360
T2 2014;15;8350
T1 2014;15;8350
T4 2013;15;8450
T3 2013;15;8540
T2 2013;15;8610
T1 2013;15;8400
T4 2012;15;8550
T3 2012;15;8660
T2 2012;15;8560
T1 2012;15;8500
T4 2011;15;8600
T3 2011;15;8570
T2 2011;15;8340
T1 2011;15;7840
T4 2010;15;7470
T3 2010;15;7260
T2 2010;15;6820
T1 2010;15;6570
T4 2009;15;6320
T3 2009;15;6260
T2 2009;15;6200
T1 2009;15;6400
T4 2008;15;6640
T3 2008;15;6710
T2 2008;15;6770
T1 2008;15;6580
T4 2007;15;6550
T3 2007;15;6470
T2 2007;15;6260
T1 2007;15;6170
T4 2006;15;6060
T3 2006;15;5940
T2 2006;15;5760
T1 2006;15;5630
T4 2005;15;5660
T3 2005;15;5540
T2 2005;15;5140
T1 2005;15;4950
T4 2004;15;4850
T3 2004;15;4750
T2 2004;15;4590
T1 2004;15;4430
T4 2003;15;4300
T3 2003;15;4280
T2 2003;15;4030
T1 2003;15;3940
T4 2002;15;3810
T3 2002;15;3760
T2 2002;15;3570
T1 2002;15;3480
T4 2001;15;3460
T3 2001;15;3450
T2 2001;15;3360
T1 2001;15;3240
T4 2000;15;3240
T3 2000;15;3250
T2 2000;15;3080
T1 2000;15;3060
T4 1999;15;2940
T3 1999;15;2820
T2 1999;15;2710
T1 1999;15;2650
T4 1998;15;2600
T3 1998;15;2550
T2 1998;15;2550
T1 1998;15;2520
T4 1997;15;2580
T3 1997;15;2570
T2 1997;15;2520
T1 1997;15;2500
T4 1996;15;2590
T3 1996;15;2630
T2 1996;15;2590
T1 1996;15;2630
T4 1995;15;2730
T4 2025;16;10050
T3 2025;16;10250
T2 2025;16;10040
T1 2025;16;10180
T4 2024;16;10160
T3 2024;16;10010
T2 2024;16;10110
T1 2024;16;10000
T4 2023;16;10440
T3 2023;16;10510
T2 2023;16;10660
T1 2023;16;10940
T4 2022;16;11040
T3 2022;16;11230
T2 2022;16;10890
T1 2022;16;10880
T4 2021;16;10830
T3 2021;16;11070
T2 2021;16;10850
T1 2021;16;11010
T4 2020;16;11160
T3 2020;16;11220
T2 2020;16;11010
T1 2020;16;10800
T4 2019;16;10590
T3 2019;16;10390
T2 2019;16;10220
T1 2019;16;10110
T4 2018;16;10000
T3 2018;16;10060
T2 2018;16;9850
T1 2018;16;9590
T4 2017;16;9730
T3 2017;16;9480
T2 2017;16;9320
T1 2017;16;8900
T4 2016;16;8850
T3 2016;16;8860
T2 2016;16;8750
T1 2016;16;8690
T4 2015;16;8570
T3 2015;16;8610
T2 2015;16;8500
T1 2015;16;8600
T4 2014;16;8660
T3 2014;16;8870
T2 2014;16;8950
T1 2014;16;8780
T4 2013;16;9020
T3 2013;16;9120
T2 2013;16;9060
T1 2013;16;9160
T4 2012;16;9160
T3 2012;16;9590
T2 2012;16;9240
T1 2012;16;9140
T4 2011;16;9310
T3 2011;16;9200
T2 2011;16;9120
T1 2011;16;8770
T4 2010;16;8190
T3 2010;16;7700
T2 2010;16;7470
T1 2010;16;7170
T4 2009;16;6790
T3 2009;16;6880
T2 2009;16;6780
T1 2009;16;7080
T4 2008;16;7270
T3 2008;16;7570
T2 2008;16;7390
T1 2008;16;7280
T4 2007;16;7130
T3 2007;16;7000
T2 2007;16;6730
T1 2007;16;6500
T4 2006;16;6490
T3 2006;16;6260
T2 2006;16;6120
T1 2006;16;5960
T4 2005;16;5960
T3 2005;16;5640
T2 2005;16;5610
T1 2005;16;5370
T4 2004;16;5280
T3 2004;16;5150
T2 2004;16;5100
T1 2004;16;4890
T4 2003;16;4720
T3 2003;16;4830
T2 2003;16;4620
T1 2003;16;4600
T4 2002;16;4570
T3 2002;16;4440
T2 2002;16;4230
T1 2002;16;4160
T4 2001;16;4220
T3 2001;16;4130
T2 2001;16;4030
T1 2001;16;3980
T4 2000;16;3870
T3 2000;16;3840
T2 2000;16;3780
T1 2000;16;3720
T4 1999;16;3470
T3 1999;16;3410
T2 1999;16;3230
T1 1999;16;3210
T4 1998;16;2970
T3 1998;16;3040
T2 1998;16;2990
T1 1998;16;3000
T4 1997;16;2950
T3 1997;16;2840
T2 1997;16;3010
T1 1997;16;2850
T4 1996;16;2940
T3 1996;16;2940
T2 1996;16;3000
T1 1996;16;3050
T4 1995;16;3160
T4 2025;17;9360
T3 2025;17;9340
T2 2025;17;9280
T1 2025;17;9330
T4 2024;17;9260
T3 2024;17;9520
T2 2024;17;9280
T1 2024;17;9350
T4 2023;17;9570
T3 2023;17;10070
T2 2023;17;10080
T1 2023;17;10180
T4 2022;17;10330
T3 2022;17;10530
T2 2022;17;10480
T1 2022;17;10360
T4 2021;17;10470
T3 2021;17;10860
T2 2021;17;10700
T1 2021;17;10770
T4 2020;17;10690
T3 2020;17;10890
T2 2020;17;10790
T1 2020;17;10590
T4 2019;17;10210
T3 2019;17;10060
T2 2019;17;9940
T1 2019;17;9740
T4 2018;17;9630
T3 2018;17;9610
T2 2018;17;9420
T1 2018;17;9340
T4 2017;17;9120
T3 2017;17;9080
T2 2017;17;8820
T1 2017;17;8500
T4 2016;17;8460
T3 2016;17;8300
T2 2016;17;8170
T1 2016;17;8030
T4 2015;17;7970
T3 2015;17;8060
T2 2015;17;7950
T1 2015;17;8020
T4 2014;17;7940
T3 2014;17;8140
T2 2014;17;8210
T1 2014;17;8190
T4 2013;17;8030
T3 2013;17;8260
T2 2013;17;8210
T1 2013;17;8370
T4 2012;17;8460
T3 2012;17;8570
T2 2012;17;8450
T1 2012;17;8320
T4 2011;17;8400
T3 2011;17;8550
T2 2011;17;8150
T1 2011;17;7780
T4 2010;17;7390
T3 2010;17;7010
T2 2010;17;6660
T1 2010;17;6380
T4 2009;17;6240
T3 2009;17;6070
T2 2009;17;5970
T1 2009;17;6280
T4 2008;17;6370
T3 2008;17;6500
T2 2008;17;6480
T1 2008;17;6280
T4 2007;17;6240
T3 2007;17;6150
T2 2007;17;5860
T1 2007;17;5840
T4 2006;17;5590
T3 2006;17;5570
T2 2006;17;5420
T1 2006;17;5380
T4 2005;17;5160
T3 2005;17;5170
T2 2005;17;4900
T1 2005;17;4750
T4 2004;17;4560
T3 2004;17;4390
T2 2004;17;4290
T1 2004;17;4050
T4 2003;17;3950
T3 2003;17;3950
T2 2003;17;3710
T1 2003;17;3610
T4 2002;17;3430
T3 2002;17;3480
T2 2002;17;3300
T1 2002;17;3230
T4 2001;17;3160
T3 2001;17;3160
T2 2001;17;3020
T1 2001;17;3140
T4 2000;17;2990
T3 2000;17;2930
T2 2000;17;2910
T1 2000;17;2640
T4 1999;17;2710
T3 1999;17;2520
T2 1999;17;2490
T1 1999;17;2330
T4 1998;17;2340
T3 1998;17;2330
T2 1998;17;2300
T1 1998;17;2260
T4 1997;17;2250
T3 1997;17;2280
T2 1997;17;2230
T1 1997;17;2250
T4 1996;17;2410
T3 1996;17;2370
T2 1996;17;2410
T1 1996;17;2410
T4 1995;17;2500
T4 2025;18;8530
T3 2025;18;8550
T2 2025;18;8410
T1 2025;18;8450
T4 2024;18;8380
T3 2024;18;8570
T2 2024;18;8490
T1 2024;18;8600
T4 2023;18;8780
T3 2023;18;9220
T2 2023;18;9140
T1 2023;18;9350
T4 2022;18;9470
T3 2022;18;9700
T2 2022;18;9800
T1 2022;18;9650
T4 2021;18;9800
T3 2021;18;10080
T2 2021;18;10110
T1 2021;18;10090
T4 2020;18;10250
T3 2020;18;10140
T2 2020;18;9960
T1 2020;18;9690
T4 2019;18;9660
T3 2019;18;9420
T2 2019;18;9180
T1 2019;18;8910
T4 2018;18;8740
T3 2018;18;8880
T2 2018;18;8570
T1 2018;18;8300
T4 2017;18;8280
T3 2017;18;8320
T2 2017;18;7770
T1 2017;18;7660
T4 2016;18;7640
T3 2016;18;7510
T2 2016;18;7310
T1 2016;18;7230
T4 2015;18;7160
T3 2015;18;7210
T2 2015;18;7160
T1 2015;18;6990
T4 2014;18;7070
T3 2014;18;7130
T2 2014;18;7200
T1 2014;18;7060
T4 2013;18;7250
T3 2013;18;7180
T2 2013;18;7200
T1 2013;18;7340
T4 2012;18;6980
T3 2012;18;7270
T2 2012;18;7380
T1 2012;18;7310
T4 2011;18;7380
T3 2011;18;7310
T2 2011;18;7090
T1 2011;18;6660
T4 2010;18;6450
T3 2010;18;6220
T2 2010;18;5890
T1 2010;18;5630
T4 2009;18;5390
T3 2009;18;5410
T2 2009;18;5250
T1 2009;18;5460
T4 2008;18;5600
T3 2008;18;5850
T2 2008;18;5680
T1 2008;18;5520
T4 2007;18;5530
T3 2007;18;5370
T2 2007;18;5290
T1 2007;18;5150
T4 2006;18;5120
T3 2006;18;5030
T2 2006;18;4790
T1 2006;18;4620
T4 2005;18;4570
T3 2005;18;4490
T2 2005;18;4220
T1 2005;18;4050
T4 2004;18;3840
T3 2004;18;3730
T2 2004;18;3540
T1 2004;18;3350
T4 2003;18;3290
T3 2003;18;3130
T2 2003;18;2980
T1 2003;18;2840
T4 2002;18;2730
T3 2002;18;2690
T2 2002;18;2610
T1 2002;18;2510
T4 2001;18;2450
T3 2001;18;2460
T2 2001;18;2360
T1 2001;18;2350
T4 2000;18;2310
T3 2000;18;2140
T2 2000;18;2120
T1 2000;18;2100
T4 1999;18;1980
T3 1999;18;1980
T2 1999;18;1850
T1 1999;18;1850
T4 1998;18;1830
T3 1998;18;1810
T2 1998;18;1740
T1 1998;18;1750
T4 1997;18;1790
T3 1997;18;1860
T2 1997;18;1770
T1 1997;18;1750
T4 1996;18;1830
T3 1996;18;1890
T2 1996;18;1940
T1 1996;18;1930
T4 1995;18;1900
T4 2025;19;7560
T3 2025;19;7850
T2 2025;19;7430
T1 2025;19;7530
T4 2024;19;7590
T3 2024;19;7710
T2 2024;19;7540
T1 2024;19;7670
T4 2023;19;7930
T3 2023;19;8350
T2 2023;19;8360
T1 2023;19;8500
T4 2022;19;8750
T3 2022;19;8930
T2 2022;19;8750
T1 2022;19;8880
T4 2021;19;8910
T3 2021;19;9240
T2 2021;19;9220
T1 2021;19;9110
T4 2020;19;9160
T3 2020;19;9010
T2 2020;19;8970
T1 2020;19;9000
T4 2019;19;8580
T3 2019;19;8470
T2 2019;19;8210
T1 2019;19;8310
T4 2018;19;7950
T3 2018;19;7800
T2 2018;19;7720
T1 2018;19;7340
T4 2017;19;7360
T3 2017;19;7050
T2 2017;19;6940
T1 2017;19;6790
T4 2016;19;6720
T3 2016;19;6860
T2 2016;19;6480
T1 2016;19;6280
T4 2015;19;6390
T3 2015;19;6540
T2 2015;19;6420
T1 2015;19;6580
T4 2014;19;6570
T3 2014;19;6710
T2 2014;19;6660
T1 2014;19;6680
T4 2013;19;6650
T3 2013;19;6820
T2 2013;19;6600
T1 2013;19;6760
T4 2012;19;6670
T3 2012;19;6760
T2 2012;19;6630
T1 2012;19;6570
T4 2011;19;6520
T3 2011;19;6650
T2 2011;19;6440
T1 2011;19;6300
T4 2010;19;5770
T3 2010;19;5690
T2 2010;19;5310
T1 2010;19;5140
T4 2009;19;4870
T3 2009;19;4930
T2 2009;19;4750
T1 2009;19;4920
T4 2008;19;5120
T3 2008;19;5320
T2 2008;19;5290
T1 2008;19;5170
T4 2007;19;5120
T3 2007;19;4990
T2 2007;19;4780
T1 2007;19;4700
T4 2006;19;4670
T3 2006;19;4560
T2 2006;19;4380
T1 2006;19;4310
T4 2005;19;4130
T3 2005;19;4060
T2 2005;19;3860
T1 2005;19;3590
T4 2004;19;3490
T3 2004;19;3420
T2 2004;19;3210
T1 2004;19;3010
T4 2003;19;3000
T3 2003;19;2950
T2 2003;19;2800
T1 2003;19;2670
T4 2002;19;2590
T3 2002;19;2570
T2 2002;19;2410
T1 2002;19;2340
T4 2001;19;2320
T3 2001;19;2320
T2 2001;19;2200
T1 2001;19;2140
T4 2000;19;2150
T3 2000;19;2120
T2 2000;19;2050
T1 2000;19;1940
T4 1999;19;1880
T3 1999;19;1910
T2 1999;19;1810
T1 1999;19;1750
T4 1998;19;1750
T3 1998;19;1720
T2 1998;19;1740
T1 1998;19;1680
T4 1997;19;1710
T3 1997;19;1810
T2 1997;19;1810
T1 1997;19;1800
T4 1996;19;1830
T3 1996;19;1830
T2 1996;19;1890
T1 1996;19;1890
T4 1995;19;1930
T4 2025;20;8300
T3 2025;20;8290
T2 2025;20;8070
T1 2025;20;8100
T4 2024;20;8080
T3 2024;20;8040
T2 2024;20;7880
T1 2024;20;8050
T4 2023;20;8190
T3 2023;20;8540
T2 2023;20;8700
T1 2023;20;8720
T4 2022;20;8920
T3 2022;20;9140
T2 2022;20;9100
T1 2022;20;9070
T4 2021;20;9360
T3 2021;20;9290
T2 2021;20;9240
T1 2021;20;9280
T4 2020;20;9390
T3 2020;20;9490
T2 2020;20;9370
T1 2020;20;8980
T4 2019;20;8900
T3 2019;20;8620
T2 2019;20;8430
T1 2019;20;8250
T4 2018;20;8120
T3 2018;20;8230
T2 2018;20;7930
T1 2018;20;7730
T4 2017;20;7770
T3 2017;20;7610
T2 2017;20;7200
T1 2017;20;7250
T4 2016;20;7060
T3 2016;20;7090
T2 2016;20;6820
T1 2016;20;6810
T4 2015;20;6710
T3 2015;20;6810
T2 2015;20;6710
T1 2015;20;6840
T4 2014;20;6810
T3 2014;20;6880
T2 2014;20;6810
T1 2014;20;6870
T4 2013;20;6870
T3 2013;20;7070
T2 2013;20;6840
T1 2013;20;7100
T4 2012;20;6840
T3 2012;20;7070
T2 2012;20;6840
T1 2012;20;6790
T4 2011;20;7120
T3 2011;20;7130
T2 2011;20;6740
T1 2011;20;6330
T4 2010;20;6120
T3 2010;20;5870
T2 2010;20;5560
T1 2010;20;5360
T4 2009;20;5250
T3 2009;20;5210
T2 2009;20;5050
T1 2009;20;5120
T4 2008;20;5490
T3 2008;20;5460
T2 2008;20;5460
T1 2008;20;5400
T4 2007;20;5400
T3 2007;20;5280
T2 2007;20;5090
T1 2007;20;5010
T4 2006;20;4830
T3 2006;20;4800
T2 2006;20;4720
T1 2006;20;4540
T4 2005;20;4400
T3 2005;20;4290
T2 2005;20;3980
T1 2005;20;3960
T4 2004;20;3740
T3 2004;20;3680
T2 2004;20;3440
T1 2004;20;3330
T4 2003;20;3150
T3 2003;20;3110
T2 2003;20;2900
T1 2003;20;2790
T4 2002;20;2730
T3 2002;20;2590
T2 2002;20;2510
T1 2002;20;2450
T4 2001;20;2380
T3 2001;20;2400
T2 2001;20;2310
T1 2001;20;2210
T4 2000;20;2230
T3 2000;20;2220
T2 2000;20;2130
T1 2000;20;2180
T4 1999;20;2060
T3 1999;20;2030
T2 1999;20;1940
T1 1999;20;1830
T4 1998;20;1810
T3 1998;20;1830
T2 1998;20;1830
T1 1998;20;1780
T4 1997;20;1870
T3 1997;20;1770
T2 1997;20;1810
T1 1997;20;1850
T4 1996;20;1930
T3 1996;20;1880
T2 1996;20;1930
T1 1996;20;1950
T4 1995;20;1970
